"Dataset Name","Observation Date","Series Key","Series Display Name","Observation Value","Unit","Observation Status","Observation Status Comment","Sequence No.","Series name"
"Bank Floating Daily Average Exchange Rates (PKR per National Currency)","31-Aug-2026","TS_GP_ES_FADERPKR_M.XRDAVG0010","1 Daily Average Exchange rate of PAK Rupees per Australian Dollar","198.8095798","PKR","Normal","","10","Daily Average Exchange rate of PAK Rupees per Australian Dollar"
"Bank Floating Daily Average Exchange Rates (PKR per National Currency)","31-Aug-2026","TS_GP_ES_FADERPKR_M.XRDAVG0020","2 Daily Average Exchange rate of PAK Rupees per Bahraini Dinar","735.6217667","PKR","Normal","","20","Daily Average Exchange rate of PAK Rupees per Bahraini Dinar"
"Bank Floating Daily Average Exchange Rates (PKR per National Currency)","31-Aug-2026","TS_GP_ES_FADERPKR_M.XRDAVG0030","3 Daily Average Exchange rate of PAK Rupees per Canadian Dollar","199.8849716","PKR","Normal","","30","Daily Average Exchange rate of PAK Rupees per Canadian Dollar"
"Bank Floating Daily Average Exchange Rates (PKR per National Currency)","31-Aug-2026","TS_GP_ES_FADERPKR_M.XRDAVG0040","4 Daily Average Exchange rate of PAK Rupees per Chinese Yuan","41.342049","PKR","Normal","","40","Daily Average Exchange rate of PAK Rupees per Chinese Yuan"
"Bank Floating Daily Average Exchange Rates (PKR per National Currency)","31-Aug-2026","TS_GP_ES_FADERPKR_M.XRDAVG0050","5 Daily Average Exchange rate of PAK Rupees per Danish Krone","43.1015508","PKR","Normal","","50","Daily Average Exchange rate of PAK Rupees per Danish Krone"
"Bank Floating Daily Average Exchange Rates (PKR per National Currency)","31-Aug-2026","TS_GP_ES_FADERPKR_M.XRDAVG0060","6 Daily Average Exchange rate of PAK Rupees per Hon Kong Dollar","35.4589104","PKR","Normal","","60","Daily Average Exchange rate of PAK Rupees per Hong Kong Dollar"
"Bank Floating Daily Average Exchange Rates (PKR per National Currency)","31-Aug-2026","TS_GP_ES_FADERPKR_M.XRDAVG0070","7 Daily Average Exchange rate of PAK Rupees per Japanese Yen","1.7383713","PKR","Normal","","70","Daily Average Exchange rate of PAK Rupees per Japanese Yen"
"Bank Floating Daily Average Exchange Rates (PKR per National Currency)","31-Aug-2026","TS_GP_ES_FADERPKR_M.XRDAVG0080","8 Daily Average Exchange rate of PAK Rupees per Kuwaiti Dinar","902.9830333","PKR","Normal","","80","Daily Average Exchange rate of PAK Rupees per Kuwaiti Dinar"
"Bank Floating Daily Average Exchange Rates (PKR per National Currency)","31-Aug-2026","TS_GP_ES_FADERPKR_M.XRDAVG0090","9 Daily Average Exchange rate of PAK Rupees per Malaysian Ringgit","68.9865392","PKR","Normal","","90","Daily Average Exchange rate of PAK Rupees per Malaysian Ringgit"
"Bank Floating Daily Average Exchange Rates (PKR per National Currency)","31-Aug-2026","TS_GP_ES_FADERPKR_M.XRDAVG0100","10 Daily Average Exchange rate of PAK Rupees per New Zealand Dollar","164.7831625","PKR","Normal","","100","Daily Average Exchange rate of PAK Rupees per New Zealand Dollar"
"Bank Floating Daily Average Exchange Rates (PKR per National Currency)","31-Aug-2026","TS_GP_ES_FADERPKR_M.XRDAVG0110","11 Daily Average Exchange rate of PAK Rupees per Norwegian Krone","29.7095854","PKR","Normal","","110","Daily Average Exchange rate of PAK Rupees per Norwegian Krone"
"Bank Floating Daily Average Exchange Rates (PKR per National Currency)","31-Aug-2026","TS_GP_ES_FADERPKR_M.XRDAVG0120","12 Daily Average Exchange rate of PAK Rupees per Omani Riyal","720.415575","PKR","Normal","","120","Daily Average Exchange rate of PAK Rupees per Omani Riyal"
"Bank Floating Daily Average Exchange Rates (PKR per National Currency)","31-Aug-2026","TS_GP_ES_FADERPKR_M.XRDAVG0130","13 Daily Average Exchange rate of PAK Rupees per Qatari Riyal","76.08885","PKR","Normal","","130","Daily Average Exchange rate of PAK Rupees per Qatari Riyal"
"Bank Floating Daily Average Exchange Rates (PKR per National Currency)","31-Aug-2026","TS_GP_ES_FADERPKR_M.XRDAVG0140","14 Daily Average Exchange rate of PAK Rupees per Singapore Dollar","218.1689659","PKR","Normal","","140","Daily Average Exchange rate of PAK Rupees per Singapore Dollar"
"Bank Floating Daily Average Exchange Rates (PKR per National Currency)","31-Aug-2026","TS_GP_ES_FADERPKR_M.XRDAVG0150","15 Daily Average Exchange rate of PAK Rupees per Swedish Krona","28.9233392","PKR","Normal","","150","Daily Average Exchange rate of PAK Rupees per Swedish Krona"
"Bank Floating Daily Average Exchange Rates (PKR per National Currency)","31-Aug-2026","TS_GP_ES_FADERPKR_M.XRDAVG0160","16 Daily Average Exchange rate of PAK Rupees per Swiss Franc","343.1392872","PKR","Normal","","160","Daily Average Exchange rate of PAK Rupees per Swiss Franc"
"Bank Floating Daily Average Exchange Rates (PKR per National Currency)","31-Aug-2026","TS_GP_ES_FADERPKR_M.XRDAVG0170","17 Daily Average Exchange rate of PAK Rupees per Saudi Riyal","73.9862146","PKR","Normal","","170","Daily Average Exchange rate of PAK Rupees per Saudi Riyal"
"Bank Floating Daily Average Exchange Rates (PKR per National Currency)","31-Aug-2026","TS_GP_ES_FADERPKR_M.XRDAVG0180","18 Daily Average Exchange rate of PAK Rupees per Thai Baht","8.3870006","PKR","Normal","","180","Daily Average Exchange rate of PAK Rupees per Thai Baht"
"Bank Floating Daily Average Exchange Rates (PKR per National Currency)","31-Aug-2026","TS_GP_ES_FADERPKR_M.XRDAVG0190","19 Daily Average Exchange rate of PAK Rupees per Turkish Lira","5.7756875","PKR","Normal","","190","Daily Average Exchange rate of PAK Rupees per Turkish Lira"
"Bank Floating Daily Average Exchange Rates (PKR per National Currency)","31-Aug-2026","TS_GP_ES_FADERPKR_M.XRDAVG0200","20 Daily Average Exchange rate of PAK Rupees per U.A.E. Dirham","75.6329893","PKR","Normal","","200","Daily Average Exchange rate of PAK Rupees per U.A.E. Dirham"
"Bank Floating Daily Average Exchange Rates (PKR per National Currency)","31-Aug-2026","TS_GP_ES_FADERPKR_M.XRDAVG0210","21 Daily Average Exchange rate of PAK Rupees per U.K. Pound Sterling","375.8632","PKR","Normal","","210","Daily Average Exchange rate of PAK Rupees per U.K. Pound Sterling"
"Bank Floating Daily Average Exchange Rates (PKR per National Currency)","31-Aug-2026","TS_GP_ES_FADERPKR_M.XRDAVG0220","22 Daily Average Exchange rate of PAK Rupees per U.S. Dollar","277.7714286","PKR","Normal","","220","Daily Average Exchange rate of PAK Rupees per U.S. Dollar"
"Bank Floating Daily Average Exchange Rates (PKR per National Currency)","31-Aug-2026","TS_GP_ES_FADERPKR_M.XRDAVG0230","23 Daily Average Exchange rate of PAK Rupees per Euro","321.8038399","PKR","Normal","","230","Daily Average Exchange rate of PAK Rupees per Euro"
"Bank Floating Daily Average Exchange Rates (PKR per National Currency)","28-Aug-2026","TS_GP_ES_FADERPKR_M.XRDAVG0010","1 Daily Average Exchange rate of PAK Rupees per Australian Dollar","199.9115685","PKR","Normal","","10","Daily Average Exchange rate of PAK Rupees per Australian Dollar"
"Bank Floating Daily Average Exchange Rates (PKR per National Currency)","28-Aug-2026","TS_GP_ES_FADERPKR_M.XRDAVG0020","2 Daily Average Exchange rate of PAK Rupees per Bahraini Dinar","735.67675","PKR","Normal","","20","Daily Average Exchange rate of PAK Rupees per Bahraini Dinar"
"Bank Floating Daily Average Exchange Rates (PKR per National Currency)","28-Aug-2026","TS_GP_ES_FADERPKR_M.XRDAVG0030","3 Daily Average Exchange rate of PAK Rupees per Canadian Dollar","200.4972273","PKR","Normal","","30","Daily Average Exchange rate of PAK Rupees per Canadian Dollar"
"Bank Floating Daily Average Exchange Rates (PKR per National Currency)","28-Aug-2026","TS_GP_ES_FADERPKR_M.XRDAVG0040","4 Daily Average Exchange rate of PAK Rupees per Chinese Yuan","41.3440607","PKR","Normal","","40","Daily Average Exchange rate of PAK Rupees per Chinese Yuan"
"Bank Floating Daily Average Exchange Rates (PKR per National Currency)","28-Aug-2026","TS_GP_ES_FADERPKR_M.XRDAVG0050","5 Daily Average Exchange rate of PAK Rupees per Danish Krone","43.3175922","PKR","Normal","","50","Daily Average Exchange rate of PAK Rupees per Danish Krone"
"Bank Floating Daily Average Exchange Rates (PKR per National Currency)","28-Aug-2026","TS_GP_ES_FADERPKR_M.XRDAVG0060","6 Daily Average Exchange rate of PAK Rupees per Hon Kong Dollar","35.4613688","PKR","Normal","","60","Daily Average Exchange rate of PAK Rupees per Hong Kong Dollar"
"Bank Floating Daily Average Exchange Rates (PKR per National Currency)","28-Aug-2026","TS_GP_ES_FADERPKR_M.XRDAVG0070","7 Daily Average Exchange rate of PAK Rupees per Japanese Yen","1.7416604","PKR","Normal","","70","Daily Average Exchange rate of PAK Rupees per Japanese Yen"
"Bank Floating Daily Average Exchange Rates (PKR per National Currency)","28-Aug-2026","TS_GP_ES_FADERPKR_M.XRDAVG0080","8 Daily Average Exchange rate of PAK Rupees per Kuwaiti Dinar","903.9759667","PKR","Normal","","80","Daily Average Exchange rate of PAK Rupees per Kuwaiti Dinar"
"Bank Floating Daily Average Exchange Rates (PKR per National Currency)","28-Aug-2026","TS_GP_ES_FADERPKR_M.XRDAVG0090","9 Daily Average Exchange rate of PAK Rupees per Malaysian Ringgit","68.9582261","PKR","Normal","","90","Daily Average Exchange rate of PAK Rupees per Malaysian Ringgit"
"Bank Floating Daily Average Exchange Rates (PKR per National Currency)","28-Aug-2026","TS_GP_ES_FADERPKR_M.XRDAVG0100","10 Daily Average Exchange rate of PAK Rupees per New Zealand Dollar","166.0170125","PKR","Normal","","100","Daily Average Exchange rate of PAK Rupees per New Zealand Dollar"
"Bank Floating Daily Average Exchange Rates (PKR per National Currency)","28-Aug-2026","TS_GP_ES_FADERPKR_M.XRDAVG0110","11 Daily Average Exchange rate of PAK Rupees per Norwegian Krone","29.8284157","PKR","Normal","","110","Daily Average Exchange rate of PAK Rupees per Norwegian Krone"
"Bank Floating Daily Average Exchange Rates (PKR per National Currency)","28-Aug-2026","TS_GP_ES_FADERPKR_M.XRDAVG0120","12 Daily Average Exchange rate of PAK Rupees per Omani Riyal","720.02665","PKR","Normal","","120","Daily Average Exchange rate of PAK Rupees per Omani Riyal"
"Bank Floating Daily Average Exchange Rates (PKR per National Currency)","28-Aug-2026","TS_GP_ES_FADERPKR_M.XRDAVG0130","13 Daily Average Exchange rate of PAK Rupees per Qatari Riyal","76.09845","PKR","Normal","","130","Daily Average Exchange rate of PAK Rupees per Qatari Riyal"
"Bank Floating Daily Average Exchange Rates (PKR per National Currency)","28-Aug-2026","TS_GP_ES_FADERPKR_M.XRDAVG0140","14 Daily Average Exchange rate of PAK Rupees per Singapore Dollar","218.6038559","PKR","Normal","","140","Daily Average Exchange rate of PAK Rupees per Singapore Dollar"
"Bank Floating Daily Average Exchange Rates (PKR per National Currency)","28-Aug-2026","TS_GP_ES_FADERPKR_M.XRDAVG0150","15 Daily Average Exchange rate of PAK Rupees per Swedish Krona","29.185252","PKR","Normal","","150","Daily Average Exchange rate of PAK Rupees per Swedish Krona"
"Bank Floating Daily Average Exchange Rates (PKR per National Currency)","28-Aug-2026","TS_GP_ES_FADERPKR_M.XRDAVG0160","16 Daily Average Exchange rate of PAK Rupees per Swiss Franc","345.005991","PKR","Normal","","160","Daily Average Exchange rate of PAK Rupees per Swiss Franc"
"Bank Floating Daily Average Exchange Rates (PKR per National Currency)","28-Aug-2026","TS_GP_ES_FADERPKR_M.XRDAVG0170","17 Daily Average Exchange rate of PAK Rupees per Saudi Riyal","73.9881625","PKR","Normal","","170","Daily Average Exchange rate of PAK Rupees per Saudi Riyal"
"Bank Floating Daily Average Exchange Rates (PKR per National Currency)","28-Aug-2026","TS_GP_ES_FADERPKR_M.XRDAVG0180","18 Daily Average Exchange rate of PAK Rupees per Thai Baht","8.4343831","PKR","Normal","","180","Daily Average Exchange rate of PAK Rupees per Thai Baht"
"Bank Floating Daily Average Exchange Rates (PKR per National Currency)","28-Aug-2026","TS_GP_ES_FADERPKR_M.XRDAVG0190","19 Daily Average Exchange rate of PAK Rupees per Turkish Lira","5.7807","PKR","Normal","","190","Daily Average Exchange rate of PAK Rupees per Turkish Lira"
"Bank Floating Daily Average Exchange Rates (PKR per National Currency)","28-Aug-2026","TS_GP_ES_FADERPKR_M.XRDAVG0200","20 Daily Average Exchange rate of PAK Rupees per U.A.E. Dirham","75.633408","PKR","Normal","","200","Daily Average Exchange rate of PAK Rupees per U.A.E. Dirham"
"Bank Floating Daily Average Exchange Rates (PKR per National Currency)","28-Aug-2026","TS_GP_ES_FADERPKR_M.XRDAVG0210","21 Daily Average Exchange rate of PAK Rupees per U.K. Pound Sterling","377.3929375","PKR","Normal","","210","Daily Average Exchange rate of PAK Rupees per U.K. Pound Sterling"
"Bank Floating Daily Average Exchange Rates (PKR per National Currency)","28-Aug-2026","TS_GP_ES_FADERPKR_M.XRDAVG0220","22 Daily Average Exchange rate of PAK Rupees per U.S. Dollar","277.7892857","PKR","Normal","","220","Daily Average Exchange rate of PAK Rupees per U.S. Dollar"
"Bank Floating Daily Average Exchange Rates (PKR per National Currency)","28-Aug-2026","TS_GP_ES_FADERPKR_M.XRDAVG0230","23 Daily Average Exchange rate of PAK Rupees per Euro","323.4131163","PKR","Normal","","230","Daily Average Exchange rate of PAK Rupees per Euro"
"Bank Floating Daily Average Exchange Rates (PKR per National Currency)","27-Aug-2026","TS_GP_ES_FADERPKR_M.XRDAVG0010","1 Daily Average Exchange rate of PAK Rupees per Australian Dollar","199.4780327","PKR","Normal","","10","Daily Average Exchange rate of PAK Rupees per Australian Dollar"
"Bank Floating Daily Average Exchange Rates (PKR per National Currency)","27-Aug-2026","TS_GP_ES_FADERPKR_M.XRDAVG0020","2 Daily Average Exchange rate of PAK Rupees per Bahraini Dinar","735.7553833","PKR","Normal","","20","Daily Average Exchange rate of PAK Rupees per Bahraini Dinar"
"Bank Floating Daily Average Exchange Rates (PKR per National Currency)","27-Aug-2026","TS_GP_ES_FADERPKR_M.XRDAVG0030","3 Daily Average Exchange rate of PAK Rupees per Canadian Dollar","200.0474182","PKR","Normal","","30","Daily Average Exchange rate of PAK Rupees per Canadian Dollar"
"Bank Floating Daily Average Exchange Rates (PKR per National Currency)","27-Aug-2026","TS_GP_ES_FADERPKR_M.XRDAVG0040","4 Daily Average Exchange rate of PAK Rupees per Chinese Yuan","41.3458628","PKR","Normal","","40","Daily Average Exchange rate of PAK Rupees per Chinese Yuan"
"Bank Floating Daily Average Exchange Rates (PKR per National Currency)","27-Aug-2026","TS_GP_ES_FADERPKR_M.XRDAVG0050","5 Daily Average Exchange rate of PAK Rupees per Danish Krone","43.3494237","PKR","Normal","","50","Daily Average Exchange rate of PAK Rupees per Danish Krone"
"Bank Floating Daily Average Exchange Rates (PKR per National Currency)","27-Aug-2026","TS_GP_ES_FADERPKR_M.XRDAVG0060","6 Daily Average Exchange rate of PAK Rupees per Hon Kong Dollar","35.4624278","PKR","Normal","","60","Daily Average Exchange rate of PAK Rupees per Hong Kong Dollar"
"Bank Floating Daily Average Exchange Rates (PKR per National Currency)","27-Aug-2026","TS_GP_ES_FADERPKR_M.XRDAVG0070","7 Daily Average Exchange rate of PAK Rupees per Japanese Yen","1.7431666","PKR","Normal","","70","Daily Average Exchange rate of PAK Rupees per Japanese Yen"
"Bank Floating Daily Average Exchange Rates (PKR per National Currency)","27-Aug-2026","TS_GP_ES_FADERPKR_M.XRDAVG0080","8 Daily Average Exchange rate of PAK Rupees per Kuwaiti Dinar","904.0302833","PKR","Normal","","80","Daily Average Exchange rate of PAK Rupees per Kuwaiti Dinar"
"Bank Floating Daily Average Exchange Rates (PKR per National Currency)","27-Aug-2026","TS_GP_ES_FADERPKR_M.XRDAVG0090","9 Daily Average Exchange rate of PAK Rupees per Malaysian Ringgit","68.9637644","PKR","Normal","","90","Daily Average Exchange rate of PAK Rupees per Malaysian Ringgit"
"Bank Floating Daily Average Exchange Rates (PKR per National Currency)","27-Aug-2026","TS_GP_ES_FADERPKR_M.XRDAVG0100","10 Daily Average Exchange rate of PAK Rupees per New Zealand Dollar","165.7325475","PKR","Normal","","100","Daily Average Exchange rate of PAK Rupees per New Zealand Dollar"
"Bank Floating Daily Average Exchange Rates (PKR per National Currency)","27-Aug-2026","TS_GP_ES_FADERPKR_M.XRDAVG0110","11 Daily Average Exchange rate of PAK Rupees per Norwegian Krone","29.7624366","PKR","Normal","","110","Daily Average Exchange rate of PAK Rupees per Norwegian Krone"
"Bank Floating Daily Average Exchange Rates (PKR per National Currency)","27-Aug-2026","TS_GP_ES_FADERPKR_M.XRDAVG0120","12 Daily Average Exchange rate of PAK Rupees per Omani Riyal","720.0916","PKR","Normal","","120","Daily Average Exchange rate of PAK Rupees per Omani Riyal"
"Bank Floating Daily Average Exchange Rates (PKR per National Currency)","27-Aug-2026","TS_GP_ES_FADERPKR_M.XRDAVG0130","13 Daily Average Exchange rate of PAK Rupees per Qatari Riyal","76.1030167","PKR","Normal","","130","Daily Average Exchange rate of PAK Rupees per Qatari Riyal"
"Bank Floating Daily Average Exchange Rates (PKR per National Currency)","27-Aug-2026","TS_GP_ES_FADERPKR_M.XRDAVG0140","14 Daily Average Exchange rate of PAK Rupees per Singapore Dollar","218.5780676","PKR","Normal","","140","Daily Average Exchange rate of PAK Rupees per Singapore Dollar"
"Bank Floating Daily Average Exchange Rates (PKR per National Currency)","27-Aug-2026","TS_GP_ES_FADERPKR_M.XRDAVG0150","15 Daily Average Exchange rate of PAK Rupees per Swedish Krona","29.1770263","PKR","Normal","","150","Daily Average Exchange rate of PAK Rupees per Swedish Krona"
"Bank Floating Daily Average Exchange Rates (PKR per National Currency)","27-Aug-2026","TS_GP_ES_FADERPKR_M.XRDAVG0160","16 Daily Average Exchange rate of PAK Rupees per Swiss Franc","344.7398847","PKR","Normal","","160","Daily Average Exchange rate of PAK Rupees per Swiss Franc"
"Bank Floating Daily Average Exchange Rates (PKR per National Currency)","27-Aug-2026","TS_GP_ES_FADERPKR_M.XRDAVG0170","17 Daily Average Exchange rate of PAK Rupees per Saudi Riyal","73.9888951","PKR","Normal","","170","Daily Average Exchange rate of PAK Rupees per Saudi Riyal"
"Bank Floating Daily Average Exchange Rates (PKR per National Currency)","27-Aug-2026","TS_GP_ES_FADERPKR_M.XRDAVG0180","18 Daily Average Exchange rate of PAK Rupees per Thai Baht","8.4749359","PKR","Normal","","180","Daily Average Exchange rate of PAK Rupees per Thai Baht"
"Bank Floating Daily Average Exchange Rates (PKR per National Currency)","27-Aug-2026","TS_GP_ES_FADERPKR_M.XRDAVG0190","19 Daily Average Exchange rate of PAK Rupees per Turkish Lira","5.790525","PKR","Normal","","190","Daily Average Exchange rate of PAK Rupees per Turkish Lira"
"Bank Floating Daily Average Exchange Rates (PKR per National Currency)","27-Aug-2026","TS_GP_ES_FADERPKR_M.XRDAVG0200","20 Daily Average Exchange rate of PAK Rupees per U.A.E. Dirham","75.6346893","PKR","Normal","","200","Daily Average Exchange rate of PAK Rupees per U.A.E. Dirham"
"Bank Floating Daily Average Exchange Rates (PKR per National Currency)","27-Aug-2026","TS_GP_ES_FADERPKR_M.XRDAVG0210","21 Daily Average Exchange rate of PAK Rupees per U.K. Pound Sterling","377.4078645","PKR","Normal","","210","Daily Average Exchange rate of PAK Rupees per U.K. Pound Sterling"
"Bank Floating Daily Average Exchange Rates (PKR per National Currency)","27-Aug-2026","TS_GP_ES_FADERPKR_M.XRDAVG0220","22 Daily Average Exchange rate of PAK Rupees per U.S. Dollar","277.7910714","PKR","Normal","","220","Daily Average Exchange rate of PAK Rupees per U.S. Dollar"
"Bank Floating Daily Average Exchange Rates (PKR per National Currency)","27-Aug-2026","TS_GP_ES_FADERPKR_M.XRDAVG0230","23 Daily Average Exchange rate of PAK Rupees per Euro","323.6721111","PKR","Normal","","230","Daily Average Exchange rate of PAK Rupees per Euro"
"Bank Floating Daily Average Exchange Rates (PKR per National Currency)","25-Aug-2026","TS_GP_ES_FADERPKR_M.XRDAVG0010","1 Daily Average Exchange rate of PAK Rupees per Australian Dollar","198.5755267","PKR","Normal","","10","Daily Average Exchange rate of PAK Rupees per Australian Dollar"
"Bank Floating Daily Average Exchange Rates (PKR per National Currency)","25-Aug-2026","TS_GP_ES_FADERPKR_M.XRDAVG0020","2 Daily Average Exchange rate of PAK Rupees per Bahraini Dinar","735.71605","PKR","Normal","","20","Daily Average Exchange rate of PAK Rupees per Bahraini Dinar"
"Bank Floating Daily Average Exchange Rates (PKR per National Currency)","25-Aug-2026","TS_GP_ES_FADERPKR_M.XRDAVG0030","3 Daily Average Exchange rate of PAK Rupees per Canadian Dollar","200.4787398","PKR","Normal","","30","Daily Average Exchange rate of PAK Rupees per Canadian Dollar"
"Bank Floating Daily Average Exchange Rates (PKR per National Currency)","25-Aug-2026","TS_GP_ES_FADERPKR_M.XRDAVG0040","4 Daily Average Exchange rate of PAK Rupees per Chinese Yuan","41.3355505","PKR","Normal","","40","Daily Average Exchange rate of PAK Rupees per Chinese Yuan"
"Bank Floating Daily Average Exchange Rates (PKR per National Currency)","25-Aug-2026","TS_GP_ES_FADERPKR_M.XRDAVG0050","5 Daily Average Exchange rate of PAK Rupees per Danish Krone","43.3600193","PKR","Normal","","50","Daily Average Exchange rate of PAK Rupees per Danish Krone"
"Bank Floating Daily Average Exchange Rates (PKR per National Currency)","25-Aug-2026","TS_GP_ES_FADERPKR_M.XRDAVG0060","6 Daily Average Exchange rate of PAK Rupees per Hon Kong Dollar","35.4654195","PKR","Normal","","60","Daily Average Exchange rate of PAK Rupees per Hong Kong Dollar"
"Bank Floating Daily Average Exchange Rates (PKR per National Currency)","25-Aug-2026","TS_GP_ES_FADERPKR_M.XRDAVG0070","7 Daily Average Exchange rate of PAK Rupees per Japanese Yen","1.7438174","PKR","Normal","","70","Daily Average Exchange rate of PAK Rupees per Japanese Yen"
"Bank Floating Daily Average Exchange Rates (PKR per National Currency)","25-Aug-2026","TS_GP_ES_FADERPKR_M.XRDAVG0080","8 Daily Average Exchange rate of PAK Rupees per Kuwaiti Dinar","904.1284167","PKR","Normal","","80","Daily Average Exchange rate of PAK Rupees per Kuwaiti Dinar"
"Bank Floating Daily Average Exchange Rates (PKR per National Currency)","25-Aug-2026","TS_GP_ES_FADERPKR_M.XRDAVG0090","9 Daily Average Exchange rate of PAK Rupees per Malaysian Ringgit","68.6497022","PKR","Normal","","90","Daily Average Exchange rate of PAK Rupees per Malaysian Ringgit"
"Bank Floating Daily Average Exchange Rates (PKR per National Currency)","25-Aug-2026","TS_GP_ES_FADERPKR_M.XRDAVG0100","10 Daily Average Exchange rate of PAK Rupees per New Zealand Dollar","165.949533","PKR","Normal","","100","Daily Average Exchange rate of PAK Rupees per New Zealand Dollar"
"Bank Floating Daily Average Exchange Rates (PKR per National Currency)","25-Aug-2026","TS_GP_ES_FADERPKR_M.XRDAVG0110","11 Daily Average Exchange rate of PAK Rupees per Norwegian Krone","29.8953813","PKR","Normal","","110","Daily Average Exchange rate of PAK Rupees per Norwegian Krone"
"Bank Floating Daily Average Exchange Rates (PKR per National Currency)","25-Aug-2026","TS_GP_ES_FADERPKR_M.XRDAVG0120","12 Daily Average Exchange rate of PAK Rupees per Omani Riyal","720.0916","PKR","Normal","","120","Daily Average Exchange rate of PAK Rupees per Omani Riyal"
"Bank Floating Daily Average Exchange Rates (PKR per National Currency)","25-Aug-2026","TS_GP_ES_FADERPKR_M.XRDAVG0130","13 Daily Average Exchange rate of PAK Rupees per Qatari Riyal","76.1030167","PKR","Normal","","130","Daily Average Exchange rate of PAK Rupees per Qatari Riyal"
"Bank Floating Daily Average Exchange Rates (PKR per National Currency)","25-Aug-2026","TS_GP_ES_FADERPKR_M.XRDAVG0140","14 Daily Average Exchange rate of PAK Rupees per Singapore Dollar","218.5684338","PKR","Normal","","140","Daily Average Exchange rate of PAK Rupees per Singapore Dollar"
"Bank Floating Daily Average Exchange Rates (PKR per National Currency)","25-Aug-2026","TS_GP_ES_FADERPKR_M.XRDAVG0150","15 Daily Average Exchange rate of PAK Rupees per Swedish Krona","29.2529558","PKR","Normal","","150","Daily Average Exchange rate of PAK Rupees per Swedish Krona"
"Bank Floating Daily Average Exchange Rates (PKR per National Currency)","25-Aug-2026","TS_GP_ES_FADERPKR_M.XRDAVG0160","16 Daily Average Exchange rate of PAK Rupees per Swiss Franc","345.5986647","PKR","Normal","","160","Daily Average Exchange rate of PAK Rupees per Swiss Franc"
"Bank Floating Daily Average Exchange Rates (PKR per National Currency)","25-Aug-2026","TS_GP_ES_FADERPKR_M.XRDAVG0170","17 Daily Average Exchange rate of PAK Rupees per Saudi Riyal","73.9938668","PKR","Normal","","170","Daily Average Exchange rate of PAK Rupees per Saudi Riyal"
"Bank Floating Daily Average Exchange Rates (PKR per National Currency)","25-Aug-2026","TS_GP_ES_FADERPKR_M.XRDAVG0180","18 Daily Average Exchange rate of PAK Rupees per Thai Baht","8.4883725","PKR","Normal","","180","Daily Average Exchange rate of PAK Rupees per Thai Baht"
"Bank Floating Daily Average Exchange Rates (PKR per National Currency)","25-Aug-2026","TS_GP_ES_FADERPKR_M.XRDAVG0190","19 Daily Average Exchange rate of PAK Rupees per Turkish Lira","5.797025","PKR","Normal","","190","Daily Average Exchange rate of PAK Rupees per Turkish Lira"
"Bank Floating Daily Average Exchange Rates (PKR per National Currency)","25-Aug-2026","TS_GP_ES_FADERPKR_M.XRDAVG0200","20 Daily Average Exchange rate of PAK Rupees per U.A.E. Dirham","75.6408711","PKR","Normal","","200","Daily Average Exchange rate of PAK Rupees per U.A.E. Dirham"
"Bank Floating Daily Average Exchange Rates (PKR per National Currency)","25-Aug-2026","TS_GP_ES_FADERPKR_M.XRDAVG0210","21 Daily Average Exchange rate of PAK Rupees per U.K. Pound Sterling","378.5174346","PKR","Normal","","210","Daily Average Exchange rate of PAK Rupees per U.K. Pound Sterling"
"Bank Floating Daily Average Exchange Rates (PKR per National Currency)","25-Aug-2026","TS_GP_ES_FADERPKR_M.XRDAVG0220","22 Daily Average Exchange rate of PAK Rupees per U.S. Dollar","277.8178571","PKR","Normal","","220","Daily Average Exchange rate of PAK Rupees per U.S. Dollar"
"Bank Floating Daily Average Exchange Rates (PKR per National Currency)","25-Aug-2026","TS_GP_ES_FADERPKR_M.XRDAVG0230","23 Daily Average Exchange rate of PAK Rupees per Euro","323.8191025","PKR","Normal","","230","Daily Average Exchange rate of PAK Rupees per Euro"
"Bank Floating Daily Average Exchange Rates (PKR per National Currency)","24-Aug-2026","TS_GP_ES_FADERPKR_M.XRDAVG0010","1 Daily Average Exchange rate of PAK Rupees per Australian Dollar","199.0160243","PKR","Normal","","10","Daily Average Exchange rate of PAK Rupees per Australian Dollar"
"Bank Floating Daily Average Exchange Rates (PKR per National Currency)","24-Aug-2026","TS_GP_ES_FADERPKR_M.XRDAVG0020","2 Daily Average Exchange rate of PAK Rupees per Bahraini Dinar","735.77905","PKR","Normal","","20","Daily Average Exchange rate of PAK Rupees per Bahraini Dinar"
"Bank Floating Daily Average Exchange Rates (PKR per National Currency)","24-Aug-2026","TS_GP_ES_FADERPKR_M.XRDAVG0030","3 Daily Average Exchange rate of PAK Rupees per Canadian Dollar","201.3254786","PKR","Normal","","30","Daily Average Exchange rate of PAK Rupees per Canadian Dollar"
"Bank Floating Daily Average Exchange Rates (PKR per National Currency)","24-Aug-2026","TS_GP_ES_FADERPKR_M.XRDAVG0040","4 Daily Average Exchange rate of PAK Rupees per Chinese Yuan","41.3392338","PKR","Normal","","40","Daily Average Exchange rate of PAK Rupees per Chinese Yuan"
"Bank Floating Daily Average Exchange Rates (PKR per National Currency)","24-Aug-2026","TS_GP_ES_FADERPKR_M.XRDAVG0050","5 Daily Average Exchange rate of PAK Rupees per Danish Krone","43.445199","PKR","Normal","","50","Daily Average Exchange rate of PAK Rupees per Danish Krone"
"Bank Floating Daily Average Exchange Rates (PKR per National Currency)","24-Aug-2026","TS_GP_ES_FADERPKR_M.XRDAVG0060","6 Daily Average Exchange rate of PAK Rupees per Hon Kong Dollar","35.4713239","PKR","Normal","","60","Daily Average Exchange rate of PAK Rupees per Hong Kong Dollar"
"Bank Floating Daily Average Exchange Rates (PKR per National Currency)","24-Aug-2026","TS_GP_ES_FADERPKR_M.XRDAVG0070","7 Daily Average Exchange rate of PAK Rupees per Japanese Yen","1.7481508","PKR","Normal","","70","Daily Average Exchange rate of PAK Rupees per Japanese Yen"
"Bank Floating Daily Average Exchange Rates (PKR per National Currency)","24-Aug-2026","TS_GP_ES_FADERPKR_M.XRDAVG0080","8 Daily Average Exchange rate of PAK Rupees per Kuwaiti Dinar","904.4327667","PKR","Normal","","80","Daily Average Exchange rate of PAK Rupees per Kuwaiti Dinar"
"Bank Floating Daily Average Exchange Rates (PKR per National Currency)","24-Aug-2026","TS_GP_ES_FADERPKR_M.XRDAVG0090","9 Daily Average Exchange rate of PAK Rupees per Malaysian Ringgit","68.7593919","PKR","Normal","","90","Daily Average Exchange rate of PAK Rupees per Malaysian Ringgit"
"Bank Floating Daily Average Exchange Rates (PKR per National Currency)","24-Aug-2026","TS_GP_ES_FADERPKR_M.XRDAVG0100","10 Daily Average Exchange rate of PAK Rupees per New Zealand Dollar","166.392405","PKR","Normal","","100","Daily Average Exchange rate of PAK Rupees per New Zealand Dollar"
"Bank Floating Daily Average Exchange Rates (PKR per National Currency)","24-Aug-2026","TS_GP_ES_FADERPKR_M.XRDAVG0110","11 Daily Average Exchange rate of PAK Rupees per Norwegian Krone","29.903277","PKR","Normal","","110","Daily Average Exchange rate of PAK Rupees per Norwegian Krone"
"Bank Floating Daily Average Exchange Rates (PKR per National Currency)","24-Aug-2026","TS_GP_ES_FADERPKR_M.XRDAVG0120","12 Daily Average Exchange rate of PAK Rupees per Omani Riyal","720.1566","PKR","Normal","","120","Daily Average Exchange rate of PAK Rupees per Omani Riyal"
"Bank Floating Daily Average Exchange Rates (PKR per National Currency)","24-Aug-2026","TS_GP_ES_FADERPKR_M.XRDAVG0130","13 Daily Average Exchange rate of PAK Rupees per Qatari Riyal","76.11265","PKR","Normal","","130","Daily Average Exchange rate of PAK Rupees per Qatari Riyal"
"Bank Floating Daily Average Exchange Rates (PKR per National Currency)","24-Aug-2026","TS_GP_ES_FADERPKR_M.XRDAVG0140","14 Daily Average Exchange rate of PAK Rupees per Singapore Dollar","218.8463648","PKR","Normal","","140","Daily Average Exchange rate of PAK Rupees per Singapore Dollar"
"Bank Floating Daily Average Exchange Rates (PKR per National Currency)","24-Aug-2026","TS_GP_ES_FADERPKR_M.XRDAVG0150","15 Daily Average Exchange rate of PAK Rupees per Swedish Krona","29.3463061","PKR","Normal","","150","Daily Average Exchange rate of PAK Rupees per Swedish Krona"
"Bank Floating Daily Average Exchange Rates (PKR per National Currency)","24-Aug-2026","TS_GP_ES_FADERPKR_M.XRDAVG0160","16 Daily Average Exchange rate of PAK Rupees per Swiss Franc","346.9571586","PKR","Normal","","160","Daily Average Exchange rate of PAK Rupees per Swiss Franc"
"Bank Floating Daily Average Exchange Rates (PKR per National Currency)","24-Aug-2026","TS_GP_ES_FADERPKR_M.XRDAVG0170","17 Daily Average Exchange rate of PAK Rupees per Saudi Riyal","74.0000783","PKR","Normal","","170","Daily Average Exchange rate of PAK Rupees per Saudi Riyal"
"Bank Floating Daily Average Exchange Rates (PKR per National Currency)","24-Aug-2026","TS_GP_ES_FADERPKR_M.XRDAVG0180","18 Daily Average Exchange rate of PAK Rupees per Thai Baht","8.5186391","PKR","Normal","","180","Daily Average Exchange rate of PAK Rupees per Thai Baht"
"Bank Floating Daily Average Exchange Rates (PKR per National Currency)","24-Aug-2026","TS_GP_ES_FADERPKR_M.XRDAVG0190","19 Daily Average Exchange rate of PAK Rupees per Turkish Lira","5.79925","PKR","Normal","","190","Daily Average Exchange rate of PAK Rupees per Turkish Lira"
"Bank Floating Daily Average Exchange Rates (PKR per National Currency)","24-Aug-2026","TS_GP_ES_FADERPKR_M.XRDAVG0200","20 Daily Average Exchange rate of PAK Rupees per U.A.E. Dirham","75.6467794","PKR","Normal","","200","Daily Average Exchange rate of PAK Rupees per U.A.E. Dirham"
"Bank Floating Daily Average Exchange Rates (PKR per National Currency)","24-Aug-2026","TS_GP_ES_FADERPKR_M.XRDAVG0210","21 Daily Average Exchange rate of PAK Rupees per U.K. Pound Sterling","378.9975234","PKR","Normal","","210","Daily Average Exchange rate of PAK Rupees per U.K. Pound Sterling"
"Bank Floating Daily Average Exchange Rates (PKR per National Currency)","24-Aug-2026","TS_GP_ES_FADERPKR_M.XRDAVG0220","22 Daily Average Exchange rate of PAK Rupees per U.S. Dollar","277.8392857","PKR","Normal","","220","Daily Average Exchange rate of PAK Rupees per U.S. Dollar"
"Bank Floating Daily Average Exchange Rates (PKR per National Currency)","24-Aug-2026","TS_GP_ES_FADERPKR_M.XRDAVG0230","23 Daily Average Exchange rate of PAK Rupees per Euro","324.3998","PKR","Normal","","230","Daily Average Exchange rate of PAK Rupees per Euro"
"Bank Floating Daily Average Exchange Rates (PKR per National Currency)","21-Aug-2026","TS_GP_ES_FADERPKR_M.XRDAVG0010","1 Daily Average Exchange rate of PAK Rupees per Australian Dollar","198.336295","PKR","Normal","","10","Daily Average Exchange rate of PAK Rupees per Australian Dollar"
"Bank Floating Daily Average Exchange Rates (PKR per National Currency)","21-Aug-2026","TS_GP_ES_FADERPKR_M.XRDAVG0020","2 Daily Average Exchange rate of PAK Rupees per Bahraini Dinar","735.8968333","PKR","Normal","","20","Daily Average Exchange rate of PAK Rupees per Bahraini Dinar"
"Bank Floating Daily Average Exchange Rates (PKR per National Currency)","21-Aug-2026","TS_GP_ES_FADERPKR_M.XRDAVG0030","3 Daily Average Exchange rate of PAK Rupees per Canadian Dollar","201.8094162","PKR","Normal","","30","Daily Average Exchange rate of PAK Rupees per Canadian Dollar"
"Bank Floating Daily Average Exchange Rates (PKR per National Currency)","21-Aug-2026","TS_GP_ES_FADERPKR_M.XRDAVG0040","4 Daily Average Exchange rate of PAK Rupees per Chinese Yuan","41.3498191","PKR","Normal","","40","Daily Average Exchange rate of PAK Rupees per Chinese Yuan"
"Bank Floating Daily Average Exchange Rates (PKR per National Currency)","21-Aug-2026","TS_GP_ES_FADERPKR_M.XRDAVG0050","5 Daily Average Exchange rate of PAK Rupees per Danish Krone","43.498545","PKR","Normal","","50","Daily Average Exchange rate of PAK Rupees per Danish Krone"
"Bank Floating Daily Average Exchange Rates (PKR per National Currency)","21-Aug-2026","TS_GP_ES_FADERPKR_M.XRDAVG0060","6 Daily Average Exchange rate of PAK Rupees per Hon Kong Dollar","35.4563128","PKR","Normal","","60","Daily Average Exchange rate of PAK Rupees per Hong Kong Dollar"
"Bank Floating Daily Average Exchange Rates (PKR per National Currency)","21-Aug-2026","TS_GP_ES_FADERPKR_M.XRDAVG0070","7 Daily Average Exchange rate of PAK Rupees per Japanese Yen","1.7473765","PKR","Normal","","70","Daily Average Exchange rate of PAK Rupees per Japanese Yen"
"Bank Floating Daily Average Exchange Rates (PKR per National Currency)","21-Aug-2026","TS_GP_ES_FADERPKR_M.XRDAVG0080","8 Daily Average Exchange rate of PAK Rupees per Kuwaiti Dinar","904.4871","PKR","Normal","","80","Daily Average Exchange rate of PAK Rupees per Kuwaiti Dinar"
"Bank Floating Daily Average Exchange Rates (PKR per National Currency)","21-Aug-2026","TS_GP_ES_FADERPKR_M.XRDAVG0090","9 Daily Average Exchange rate of PAK Rupees per Malaysian Ringgit","68.6812063","PKR","Normal","","90","Daily Average Exchange rate of PAK Rupees per Malaysian Ringgit"
"Bank Floating Daily Average Exchange Rates (PKR per National Currency)","21-Aug-2026","TS_GP_ES_FADERPKR_M.XRDAVG0100","10 Daily Average Exchange rate of PAK Rupees per New Zealand Dollar","166.255752","PKR","Normal","","100","Daily Average Exchange rate of PAK Rupees per New Zealand Dollar"
"Bank Floating Daily Average Exchange Rates (PKR per National Currency)","21-Aug-2026","TS_GP_ES_FADERPKR_M.XRDAVG0110","11 Daily Average Exchange rate of PAK Rupees per Norwegian Krone","29.8375374","PKR","Normal","","110","Daily Average Exchange rate of PAK Rupees per Norwegian Krone"
"Bank Floating Daily Average Exchange Rates (PKR per National Currency)","21-Aug-2026","TS_GP_ES_FADERPKR_M.XRDAVG0120","12 Daily Average Exchange rate of PAK Rupees per Omani Riyal","720.221525","PKR","Normal","","120","Daily Average Exchange rate of PAK Rupees per Omani Riyal"
"Bank Floating Daily Average Exchange Rates (PKR per National Currency)","21-Aug-2026","TS_GP_ES_FADERPKR_M.XRDAVG0130","13 Daily Average Exchange rate of PAK Rupees per Qatari Riyal","76.1031333","PKR","Normal","","130","Daily Average Exchange rate of PAK Rupees per Qatari Riyal"
"Bank Floating Daily Average Exchange Rates (PKR per National Currency)","21-Aug-2026","TS_GP_ES_FADERPKR_M.XRDAVG0140","14 Daily Average Exchange rate of PAK Rupees per Singapore Dollar","218.7310629","PKR","Normal","","140","Daily Average Exchange rate of PAK Rupees per Singapore Dollar"
"Bank Floating Daily Average Exchange Rates (PKR per National Currency)","21-Aug-2026","TS_GP_ES_FADERPKR_M.XRDAVG0150","15 Daily Average Exchange rate of PAK Rupees per Swedish Krona","29.3688007","PKR","Normal","","150","Daily Average Exchange rate of PAK Rupees per Swedish Krona"
"Bank Floating Daily Average Exchange Rates (PKR per National Currency)","21-Aug-2026","TS_GP_ES_FADERPKR_M.XRDAVG0160","16 Daily Average Exchange rate of PAK Rupees per Swiss Franc","347.2834694","PKR","Normal","","160","Daily Average Exchange rate of PAK Rupees per Swiss Franc"
"Bank Floating Daily Average Exchange Rates (PKR per National Currency)","21-Aug-2026","TS_GP_ES_FADERPKR_M.XRDAVG0170","17 Daily Average Exchange rate of PAK Rupees per Saudi Riyal","74.0017298","PKR","Normal","","170","Daily Average Exchange rate of PAK Rupees per Saudi Riyal"
"Bank Floating Daily Average Exchange Rates (PKR per National Currency)","21-Aug-2026","TS_GP_ES_FADERPKR_M.XRDAVG0180","18 Daily Average Exchange rate of PAK Rupees per Thai Baht","8.4983566","PKR","Normal","","180","Daily Average Exchange rate of PAK Rupees per Thai Baht"
"Bank Floating Daily Average Exchange Rates (PKR per National Currency)","21-Aug-2026","TS_GP_ES_FADERPKR_M.XRDAVG0190","19 Daily Average Exchange rate of PAK Rupees per Turkish Lira","5.80365","PKR","Normal","","190","Daily Average Exchange rate of PAK Rupees per Turkish Lira"
"Bank Floating Daily Average Exchange Rates (PKR per National Currency)","21-Aug-2026","TS_GP_ES_FADERPKR_M.XRDAVG0200","20 Daily Average Exchange rate of PAK Rupees per U.A.E. Dirham","75.6500714","PKR","Normal","","200","Daily Average Exchange rate of PAK Rupees per U.A.E. Dirham"
"Bank Floating Daily Average Exchange Rates (PKR per National Currency)","21-Aug-2026","TS_GP_ES_FADERPKR_M.XRDAVG0210","21 Daily Average Exchange rate of PAK Rupees per U.K. Pound Sterling","378.995812","PKR","Normal","","210","Daily Average Exchange rate of PAK Rupees per U.K. Pound Sterling"
"Bank Floating Daily Average Exchange Rates (PKR per National Currency)","21-Aug-2026","TS_GP_ES_FADERPKR_M.XRDAVG0220","22 Daily Average Exchange rate of PAK Rupees per U.S. Dollar","277.8464286","PKR","Normal","","220","Daily Average Exchange rate of PAK Rupees per U.S. Dollar"
"Bank Floating Daily Average Exchange Rates (PKR per National Currency)","21-Aug-2026","TS_GP_ES_FADERPKR_M.XRDAVG0230","23 Daily Average Exchange rate of PAK Rupees per Euro","324.7890742","PKR","Normal","","230","Daily Average Exchange rate of PAK Rupees per Euro"
"Bank Floating Daily Average Exchange Rates (PKR per National Currency)","20-Aug-2026","TS_GP_ES_FADERPKR_M.XRDAVG0010","1 Daily Average Exchange rate of PAK Rupees per Australian Dollar","197.6113215","PKR","Normal","","10","Daily Average Exchange rate of PAK Rupees per Australian Dollar"
"Bank Floating Daily Average Exchange Rates (PKR per National Currency)","20-Aug-2026","TS_GP_ES_FADERPKR_M.XRDAVG0020","2 Daily Average Exchange rate of PAK Rupees per Bahraini Dinar","735.8674167","PKR","Normal","","20","Daily Average Exchange rate of PAK Rupees per Bahraini Dinar"
"Bank Floating Daily Average Exchange Rates (PKR per National Currency)","20-Aug-2026","TS_GP_ES_FADERPKR_M.XRDAVG0030","3 Daily Average Exchange rate of PAK Rupees per Canadian Dollar","201.2962993","PKR","Normal","","30","Daily Average Exchange rate of PAK Rupees per Canadian Dollar"
"Bank Floating Daily Average Exchange Rates (PKR per National Currency)","20-Aug-2026","TS_GP_ES_FADERPKR_M.XRDAVG0040","4 Daily Average Exchange rate of PAK Rupees per Chinese Yuan","41.3312158","PKR","Normal","","40","Daily Average Exchange rate of PAK Rupees per Chinese Yuan"
"Bank Floating Daily Average Exchange Rates (PKR per National Currency)","20-Aug-2026","TS_GP_ES_FADERPKR_M.XRDAVG0050","5 Daily Average Exchange rate of PAK Rupees per Danish Krone","43.4324019","PKR","Normal","","50","Daily Average Exchange rate of PAK Rupees per Danish Krone"
"Bank Floating Daily Average Exchange Rates (PKR per National Currency)","20-Aug-2026","TS_GP_ES_FADERPKR_M.XRDAVG0060","6 Daily Average Exchange rate of PAK Rupees per Hon Kong Dollar","35.4537002","PKR","Normal","","60","Daily Average Exchange rate of PAK Rupees per Hong Kong Dollar"
"Bank Floating Daily Average Exchange Rates (PKR per National Currency)","20-Aug-2026","TS_GP_ES_FADERPKR_M.XRDAVG0070","7 Daily Average Exchange rate of PAK Rupees per Japanese Yen","1.7523699","PKR","Normal","","70","Daily Average Exchange rate of PAK Rupees per Japanese Yen"
"Bank Floating Daily Average Exchange Rates (PKR per National Currency)","20-Aug-2026","TS_GP_ES_FADERPKR_M.XRDAVG0080","8 Daily Average Exchange rate of PAK Rupees per Kuwaiti Dinar","904.0948333","PKR","Normal","","80","Daily Average Exchange rate of PAK Rupees per Kuwaiti Dinar"
"Bank Floating Daily Average Exchange Rates (PKR per National Currency)","20-Aug-2026","TS_GP_ES_FADERPKR_M.XRDAVG0090","9 Daily Average Exchange rate of PAK Rupees per Malaysian Ringgit","68.7488526","PKR","Normal","","90","Daily Average Exchange rate of PAK Rupees per Malaysian Ringgit"
"Bank Floating Daily Average Exchange Rates (PKR per National Currency)","20-Aug-2026","TS_GP_ES_FADERPKR_M.XRDAVG0100","10 Daily Average Exchange rate of PAK Rupees per New Zealand Dollar","165.764821","PKR","Normal","","100","Daily Average Exchange rate of PAK Rupees per New Zealand Dollar"
"Bank Floating Daily Average Exchange Rates (PKR per National Currency)","20-Aug-2026","TS_GP_ES_FADERPKR_M.XRDAVG0110","11 Daily Average Exchange rate of PAK Rupees per Norwegian Krone","29.8434664","PKR","Normal","","110","Daily Average Exchange rate of PAK Rupees per Norwegian Krone"
"Bank Floating Daily Average Exchange Rates (PKR per National Currency)","20-Aug-2026","TS_GP_ES_FADERPKR_M.XRDAVG0120","12 Daily Average Exchange rate of PAK Rupees per Omani Riyal","720.185325","PKR","Normal","","120","Daily Average Exchange rate of PAK Rupees per Omani Riyal"
"Bank Floating Daily Average Exchange Rates (PKR per National Currency)","20-Aug-2026","TS_GP_ES_FADERPKR_M.XRDAVG0130","13 Daily Average Exchange rate of PAK Rupees per Qatari Riyal","76.1125333","PKR","Normal","","130","Daily Average Exchange rate of PAK Rupees per Qatari Riyal"
"Bank Floating Daily Average Exchange Rates (PKR per National Currency)","20-Aug-2026","TS_GP_ES_FADERPKR_M.XRDAVG0140","14 Daily Average Exchange rate of PAK Rupees per Singapore Dollar","218.5164997","PKR","Normal","","140","Daily Average Exchange rate of PAK Rupees per Singapore Dollar"
"Bank Floating Daily Average Exchange Rates (PKR per National Currency)","20-Aug-2026","TS_GP_ES_FADERPKR_M.XRDAVG0150","15 Daily Average Exchange rate of PAK Rupees per Swedish Krona","29.4584015","PKR","Normal","","150","Daily Average Exchange rate of PAK Rupees per Swedish Krona"
"Bank Floating Daily Average Exchange Rates (PKR per National Currency)","20-Aug-2026","TS_GP_ES_FADERPKR_M.XRDAVG0160","16 Daily Average Exchange rate of PAK Rupees per Swiss Franc","347.0508445","PKR","Normal","","160","Daily Average Exchange rate of PAK Rupees per Swiss Franc"
"Bank Floating Daily Average Exchange Rates (PKR per National Currency)","20-Aug-2026","TS_GP_ES_FADERPKR_M.XRDAVG0170","17 Daily Average Exchange rate of PAK Rupees per Saudi Riyal","74.0031349","PKR","Normal","","170","Daily Average Exchange rate of PAK Rupees per Saudi Riyal"
"Bank Floating Daily Average Exchange Rates (PKR per National Currency)","20-Aug-2026","TS_GP_ES_FADERPKR_M.XRDAVG0180","18 Daily Average Exchange rate of PAK Rupees per Thai Baht","8.4680291","PKR","Normal","","180","Daily Average Exchange rate of PAK Rupees per Thai Baht"
"Bank Floating Daily Average Exchange Rates (PKR per National Currency)","20-Aug-2026","TS_GP_ES_FADERPKR_M.XRDAVG0190","19 Daily Average Exchange rate of PAK Rupees per Turkish Lira","5.8147125","PKR","Normal","","190","Daily Average Exchange rate of PAK Rupees per Turkish Lira"
"Bank Floating Daily Average Exchange Rates (PKR per National Currency)","20-Aug-2026","TS_GP_ES_FADERPKR_M.XRDAVG0200","20 Daily Average Exchange rate of PAK Rupees per U.A.E. Dirham","75.6505738","PKR","Normal","","200","Daily Average Exchange rate of PAK Rupees per U.A.E. Dirham"
"Bank Floating Daily Average Exchange Rates (PKR per National Currency)","20-Aug-2026","TS_GP_ES_FADERPKR_M.XRDAVG0210","21 Daily Average Exchange rate of PAK Rupees per U.K. Pound Sterling","377.9871544","PKR","Normal","","210","Daily Average Exchange rate of PAK Rupees per U.K. Pound Sterling"
"Bank Floating Daily Average Exchange Rates (PKR per National Currency)","20-Aug-2026","TS_GP_ES_FADERPKR_M.XRDAVG0220","22 Daily Average Exchange rate of PAK Rupees per U.S. Dollar","277.8535714","PKR","Normal","","220","Daily Average Exchange rate of PAK Rupees per U.S. Dollar"
"Bank Floating Daily Average Exchange Rates (PKR per National Currency)","20-Aug-2026","TS_GP_ES_FADERPKR_M.XRDAVG0230","23 Daily Average Exchange rate of PAK Rupees per Euro","324.2525956","PKR","Normal","","230","Daily Average Exchange rate of PAK Rupees per Euro"
"Bank Floating Daily Average Exchange Rates (PKR per National Currency)","19-Aug-2026","TS_GP_ES_FADERPKR_M.XRDAVG0010","1 Daily Average Exchange rate of PAK Rupees per Australian Dollar","196.4989138","PKR","Normal","","10","Daily Average Exchange rate of PAK Rupees per Australian Dollar"
"Bank Floating Daily Average Exchange Rates (PKR per National Currency)","19-Aug-2026","TS_GP_ES_FADERPKR_M.XRDAVG0020","2 Daily Average Exchange rate of PAK Rupees per Bahraini Dinar","735.9795","PKR","Normal","","20","Daily Average Exchange rate of PAK Rupees per Bahraini Dinar"
"Bank Floating Daily Average Exchange Rates (PKR per National Currency)","19-Aug-2026","TS_GP_ES_FADERPKR_M.XRDAVG0030","3 Daily Average Exchange rate of PAK Rupees per Canadian Dollar","200.1653154","PKR","Normal","","30","Daily Average Exchange rate of PAK Rupees per Canadian Dollar"
"Bank Floating Daily Average Exchange Rates (PKR per National Currency)","19-Aug-2026","TS_GP_ES_FADERPKR_M.XRDAVG0040","4 Daily Average Exchange rate of PAK Rupees per Chinese Yuan","41.2387847","PKR","Normal","","40","Daily Average Exchange rate of PAK Rupees per Chinese Yuan"
"Bank Floating Daily Average Exchange Rates (PKR per National Currency)","19-Aug-2026","TS_GP_ES_FADERPKR_M.XRDAVG0050","5 Daily Average Exchange rate of PAK Rupees per Danish Krone","43.1022118","PKR","Normal","","50","Daily Average Exchange rate of PAK Rupees per Danish Krone"
"Bank Floating Daily Average Exchange Rates (PKR per National Currency)","19-Aug-2026","TS_GP_ES_FADERPKR_M.XRDAVG0060","6 Daily Average Exchange rate of PAK Rupees per Hon Kong Dollar","35.4554495","PKR","Normal","","60","Daily Average Exchange rate of PAK Rupees per Hong Kong Dollar"
"Bank Floating Daily Average Exchange Rates (PKR per National Currency)","19-Aug-2026","TS_GP_ES_FADERPKR_M.XRDAVG0070","7 Daily Average Exchange rate of PAK Rupees per Japanese Yen","1.7437126","PKR","Normal","","70","Daily Average Exchange rate of PAK Rupees per Japanese Yen"
"Bank Floating Daily Average Exchange Rates (PKR per National Currency)","19-Aug-2026","TS_GP_ES_FADERPKR_M.XRDAVG0080","8 Daily Average Exchange rate of PAK Rupees per Kuwaiti Dinar","903.4176833","PKR","Normal","","80","Daily Average Exchange rate of PAK Rupees per Kuwaiti Dinar"
"Bank Floating Daily Average Exchange Rates (PKR per National Currency)","19-Aug-2026","TS_GP_ES_FADERPKR_M.XRDAVG0090","9 Daily Average Exchange rate of PAK Rupees per Malaysian Ringgit","68.3993834","PKR","Normal","","90","Daily Average Exchange rate of PAK Rupees per Malaysian Ringgit"
"Bank Floating Daily Average Exchange Rates (PKR per National Currency)","19-Aug-2026","TS_GP_ES_FADERPKR_M.XRDAVG0100","10 Daily Average Exchange rate of PAK Rupees per New Zealand Dollar","163.56249","PKR","Normal","","100","Daily Average Exchange rate of PAK Rupees per New Zealand Dollar"
"Bank Floating Daily Average Exchange Rates (PKR per National Currency)","19-Aug-2026","TS_GP_ES_FADERPKR_M.XRDAVG0110","11 Daily Average Exchange rate of PAK Rupees per Norwegian Krone","29.5989448","PKR","Normal","","110","Daily Average Exchange rate of PAK Rupees per Norwegian Krone"
"Bank Floating Daily Average Exchange Rates (PKR per National Currency)","19-Aug-2026","TS_GP_ES_FADERPKR_M.XRDAVG0120","12 Daily Average Exchange rate of PAK Rupees per Omani Riyal","720.240325","PKR","Normal","","120","Daily Average Exchange rate of PAK Rupees per Omani Riyal"
"Bank Floating Daily Average Exchange Rates (PKR per National Currency)","19-Aug-2026","TS_GP_ES_FADERPKR_M.XRDAVG0130","13 Daily Average Exchange rate of PAK Rupees per Qatari Riyal","76.1233833","PKR","Normal","","130","Daily Average Exchange rate of PAK Rupees per Qatari Riyal"
"Bank Floating Daily Average Exchange Rates (PKR per National Currency)","19-Aug-2026","TS_GP_ES_FADERPKR_M.XRDAVG0140","14 Daily Average Exchange rate of PAK Rupees per Singapore Dollar","217.5452273","PKR","Normal","","140","Daily Average Exchange rate of PAK Rupees per Singapore Dollar"
"Bank Floating Daily Average Exchange Rates (PKR per National Currency)","19-Aug-2026","TS_GP_ES_FADERPKR_M.XRDAVG0150","15 Daily Average Exchange rate of PAK Rupees per Swedish Krona","29.1762511","PKR","Normal","","150","Daily Average Exchange rate of PAK Rupees per Swedish Krona"
"Bank Floating Daily Average Exchange Rates (PKR per National Currency)","19-Aug-2026","TS_GP_ES_FADERPKR_M.XRDAVG0160","16 Daily Average Exchange rate of PAK Rupees per Swiss Franc","342.3750877","PKR","Normal","","160","Daily Average Exchange rate of PAK Rupees per Swiss Franc"
"Bank Floating Daily Average Exchange Rates (PKR per National Currency)","19-Aug-2026","TS_GP_ES_FADERPKR_M.XRDAVG0170","17 Daily Average Exchange rate of PAK Rupees per Saudi Riyal","74.0152844","PKR","Normal","","170","Daily Average Exchange rate of PAK Rupees per Saudi Riyal"
"Bank Floating Daily Average Exchange Rates (PKR per National Currency)","19-Aug-2026","TS_GP_ES_FADERPKR_M.XRDAVG0180","18 Daily Average Exchange rate of PAK Rupees per Thai Baht","8.4001588","PKR","Normal","","180","Daily Average Exchange rate of PAK Rupees per Thai Baht"
"Bank Floating Daily Average Exchange Rates (PKR per National Currency)","19-Aug-2026","TS_GP_ES_FADERPKR_M.XRDAVG0190","19 Daily Average Exchange rate of PAK Rupees per Turkish Lira","5.8174","PKR","Normal","","190","Daily Average Exchange rate of PAK Rupees per Turkish Lira"
"Bank Floating Daily Average Exchange Rates (PKR per National Currency)","19-Aug-2026","TS_GP_ES_FADERPKR_M.XRDAVG0200","20 Daily Average Exchange rate of PAK Rupees per U.A.E. Dirham","75.6603741","PKR","Normal","","200","Daily Average Exchange rate of PAK Rupees per U.A.E. Dirham"
"Bank Floating Daily Average Exchange Rates (PKR per National Currency)","19-Aug-2026","TS_GP_ES_FADERPKR_M.XRDAVG0210","21 Daily Average Exchange rate of PAK Rupees per U.K. Pound Sterling","376.1763079","PKR","Normal","","210","Daily Average Exchange rate of PAK Rupees per U.K. Pound Sterling"
"Bank Floating Daily Average Exchange Rates (PKR per National Currency)","19-Aug-2026","TS_GP_ES_FADERPKR_M.XRDAVG0220","22 Daily Average Exchange rate of PAK Rupees per U.S. Dollar","277.8892857","PKR","Normal","","220","Daily Average Exchange rate of PAK Rupees per U.S. Dollar"
"Bank Floating Daily Average Exchange Rates (PKR per National Currency)","19-Aug-2026","TS_GP_ES_FADERPKR_M.XRDAVG0230","23 Daily Average Exchange rate of PAK Rupees per Euro","321.8348271","PKR","Normal","","230","Daily Average Exchange rate of PAK Rupees per Euro"
"Bank Floating Daily Average Exchange Rates (PKR per National Currency)","18-Aug-2026","TS_GP_ES_FADERPKR_M.XRDAVG0010","1 Daily Average Exchange rate of PAK Rupees per Australian Dollar","197.2624532","PKR","Normal","","10","Daily Average Exchange rate of PAK Rupees per Australian Dollar"
"Bank Floating Daily Average Exchange Rates (PKR per National Currency)","18-Aug-2026","TS_GP_ES_FADERPKR_M.XRDAVG0020","2 Daily Average Exchange rate of PAK Rupees per Bahraini Dinar","736.0042833","PKR","Normal","","20","Daily Average Exchange rate of PAK Rupees per Bahraini Dinar"
"Bank Floating Daily Average Exchange Rates (PKR per National Currency)","18-Aug-2026","TS_GP_ES_FADERPKR_M.XRDAVG0030","3 Daily Average Exchange rate of PAK Rupees per Canadian Dollar","200.2683756","PKR","Normal","","30","Daily Average Exchange rate of PAK Rupees per Canadian Dollar"
"Bank Floating Daily Average Exchange Rates (PKR per National Currency)","18-Aug-2026","TS_GP_ES_FADERPKR_M.XRDAVG0040","4 Daily Average Exchange rate of PAK Rupees per Chinese Yuan","41.2219777","PKR","Normal","","40","Daily Average Exchange rate of PAK Rupees per Chinese Yuan"
"Bank Floating Daily Average Exchange Rates (PKR per National Currency)","18-Aug-2026","TS_GP_ES_FADERPKR_M.XRDAVG0050","5 Daily Average Exchange rate of PAK Rupees per Danish Krone","43.0528321","PKR","Normal","","50","Daily Average Exchange rate of PAK Rupees per Danish Krone"
"Bank Floating Daily Average Exchange Rates (PKR per National Currency)","18-Aug-2026","TS_GP_ES_FADERPKR_M.XRDAVG0060","6 Daily Average Exchange rate of PAK Rupees per Hon Kong Dollar","35.4516645","PKR","Normal","","60","Daily Average Exchange rate of PAK Rupees per Hong Kong Dollar"
"Bank Floating Daily Average Exchange Rates (PKR per National Currency)","18-Aug-2026","TS_GP_ES_FADERPKR_M.XRDAVG0070","7 Daily Average Exchange rate of PAK Rupees per Japanese Yen","1.7406467","PKR","Normal","","70","Daily Average Exchange rate of PAK Rupees per Japanese Yen"
"Bank Floating Daily Average Exchange Rates (PKR per National Currency)","18-Aug-2026","TS_GP_ES_FADERPKR_M.XRDAVG0080","8 Daily Average Exchange rate of PAK Rupees per Kuwaiti Dinar","903.56995","PKR","Normal","","80","Daily Average Exchange rate of PAK Rupees per Kuwaiti Dinar"
"Bank Floating Daily Average Exchange Rates (PKR per National Currency)","18-Aug-2026","TS_GP_ES_FADERPKR_M.XRDAVG0090","9 Daily Average Exchange rate of PAK Rupees per Malaysian Ringgit","68.5091183","PKR","Normal","","90","Daily Average Exchange rate of PAK Rupees per Malaysian Ringgit"
"Bank Floating Daily Average Exchange Rates (PKR per National Currency)","18-Aug-2026","TS_GP_ES_FADERPKR_M.XRDAVG0100","10 Daily Average Exchange rate of PAK Rupees per New Zealand Dollar","163.8209405","PKR","Normal","","100","Daily Average Exchange rate of PAK Rupees per New Zealand Dollar"
"Bank Floating Daily Average Exchange Rates (PKR per National Currency)","18-Aug-2026","TS_GP_ES_FADERPKR_M.XRDAVG0110","11 Daily Average Exchange rate of PAK Rupees per Norwegian Krone","29.549814","PKR","Normal","","110","Daily Average Exchange rate of PAK Rupees per Norwegian Krone"
"Bank Floating Daily Average Exchange Rates (PKR per National Currency)","18-Aug-2026","TS_GP_ES_FADERPKR_M.XRDAVG0120","12 Daily Average Exchange rate of PAK Rupees per Omani Riyal","720.2959","PKR","Normal","","120","Daily Average Exchange rate of PAK Rupees per Omani Riyal"
"Bank Floating Daily Average Exchange Rates (PKR per National Currency)","18-Aug-2026","TS_GP_ES_FADERPKR_M.XRDAVG0130","13 Daily Average Exchange rate of PAK Rupees per Qatari Riyal","76.1279667","PKR","Normal","","130","Daily Average Exchange rate of PAK Rupees per Qatari Riyal"
"Bank Floating Daily Average Exchange Rates (PKR per National Currency)","18-Aug-2026","TS_GP_ES_FADERPKR_M.XRDAVG0140","14 Daily Average Exchange rate of PAK Rupees per Singapore Dollar","217.3959579","PKR","Normal","","140","Daily Average Exchange rate of PAK Rupees per Singapore Dollar"
"Bank Floating Daily Average Exchange Rates (PKR per National Currency)","18-Aug-2026","TS_GP_ES_FADERPKR_M.XRDAVG0150","15 Daily Average Exchange rate of PAK Rupees per Swedish Krona","29.1972885","PKR","Normal","","150","Daily Average Exchange rate of PAK Rupees per Swedish Krona"
"Bank Floating Daily Average Exchange Rates (PKR per National Currency)","18-Aug-2026","TS_GP_ES_FADERPKR_M.XRDAVG0160","16 Daily Average Exchange rate of PAK Rupees per Swiss Franc","342.2319337","PKR","Normal","","160","Daily Average Exchange rate of PAK Rupees per Swiss Franc"
"Bank Floating Daily Average Exchange Rates (PKR per National Currency)","18-Aug-2026","TS_GP_ES_FADERPKR_M.XRDAVG0170","17 Daily Average Exchange rate of PAK Rupees per Saudi Riyal","74.0202815","PKR","Normal","","170","Daily Average Exchange rate of PAK Rupees per Saudi Riyal"
"Bank Floating Daily Average Exchange Rates (PKR per National Currency)","18-Aug-2026","TS_GP_ES_FADERPKR_M.XRDAVG0180","18 Daily Average Exchange rate of PAK Rupees per Thai Baht","8.4118818","PKR","Normal","","180","Daily Average Exchange rate of PAK Rupees per Thai Baht"
"Bank Floating Daily Average Exchange Rates (PKR per National Currency)","18-Aug-2026","TS_GP_ES_FADERPKR_M.XRDAVG0190","19 Daily Average Exchange rate of PAK Rupees per Turkish Lira","5.819275","PKR","Normal","","190","Daily Average Exchange rate of PAK Rupees per Turkish Lira"
"Bank Floating Daily Average Exchange Rates (PKR per National Currency)","18-Aug-2026","TS_GP_ES_FADERPKR_M.XRDAVG0200","20 Daily Average Exchange rate of PAK Rupees per U.A.E. Dirham","75.6648231","PKR","Normal","","200","Daily Average Exchange rate of PAK Rupees per U.A.E. Dirham"
"Bank Floating Daily Average Exchange Rates (PKR per National Currency)","18-Aug-2026","TS_GP_ES_FADERPKR_M.XRDAVG0210","21 Daily Average Exchange rate of PAK Rupees per U.K. Pound Sterling","376.0128444","PKR","Normal","","210","Daily Average Exchange rate of PAK Rupees per U.K. Pound Sterling"
"Bank Floating Daily Average Exchange Rates (PKR per National Currency)","18-Aug-2026","TS_GP_ES_FADERPKR_M.XRDAVG0220","22 Daily Average Exchange rate of PAK Rupees per U.S. Dollar","277.9035714","PKR","Normal","","220","Daily Average Exchange rate of PAK Rupees per U.S. Dollar"
"Bank Floating Daily Average Exchange Rates (PKR per National Currency)","18-Aug-2026","TS_GP_ES_FADERPKR_M.XRDAVG0230","23 Daily Average Exchange rate of PAK Rupees per Euro","321.4997332","PKR","Normal","","230","Daily Average Exchange rate of PAK Rupees per Euro"
"Bank Floating Daily Average Exchange Rates (PKR per National Currency)","17-Aug-2026","TS_GP_ES_FADERPKR_M.XRDAVG0010","1 Daily Average Exchange rate of PAK Rupees per Australian Dollar","197.3394302","PKR","Normal","","10","Daily Average Exchange rate of PAK Rupees per Australian Dollar"
"Bank Floating Daily Average Exchange Rates (PKR per National Currency)","17-Aug-2026","TS_GP_ES_FADERPKR_M.XRDAVG0020","2 Daily Average Exchange rate of PAK Rupees per Bahraini Dinar","736.0107167","PKR","Normal","","20","Daily Average Exchange rate of PAK Rupees per Bahraini Dinar"
"Bank Floating Daily Average Exchange Rates (PKR per National Currency)","17-Aug-2026","TS_GP_ES_FADERPKR_M.XRDAVG0030","3 Daily Average Exchange rate of PAK Rupees per Canadian Dollar","200.4002999","PKR","Normal","","30","Daily Average Exchange rate of PAK Rupees per Canadian Dollar"
"Bank Floating Daily Average Exchange Rates (PKR per National Currency)","17-Aug-2026","TS_GP_ES_FADERPKR_M.XRDAVG0040","4 Daily Average Exchange rate of PAK Rupees per Chinese Yuan","41.2398844","PKR","Normal","","40","Daily Average Exchange rate of PAK Rupees per Chinese Yuan"
"Bank Floating Daily Average Exchange Rates (PKR per National Currency)","17-Aug-2026","TS_GP_ES_FADERPKR_M.XRDAVG0050","5 Daily Average Exchange rate of PAK Rupees per Danish Krone","43.1031732","PKR","Normal","","50","Daily Average Exchange rate of PAK Rupees per Danish Krone"
"Bank Floating Daily Average Exchange Rates (PKR per National Currency)","17-Aug-2026","TS_GP_ES_FADERPKR_M.XRDAVG0060","6 Daily Average Exchange rate of PAK Rupees per Hon Kong Dollar","35.4426164","PKR","Normal","","60","Daily Average Exchange rate of PAK Rupees per Hong Kong Dollar"
"Bank Floating Daily Average Exchange Rates (PKR per National Currency)","17-Aug-2026","TS_GP_ES_FADERPKR_M.XRDAVG0070","7 Daily Average Exchange rate of PAK Rupees per Japanese Yen","1.746762","PKR","Normal","","70","Daily Average Exchange rate of PAK Rupees per Japanese Yen"
"Bank Floating Daily Average Exchange Rates (PKR per National Currency)","17-Aug-2026","TS_GP_ES_FADERPKR_M.XRDAVG0080","8 Daily Average Exchange rate of PAK Rupees per Kuwaiti Dinar","903.66845","PKR","Normal","","80","Daily Average Exchange rate of PAK Rupees per Kuwaiti Dinar"
"Bank Floating Daily Average Exchange Rates (PKR per National Currency)","17-Aug-2026","TS_GP_ES_FADERPKR_M.XRDAVG0090","9 Daily Average Exchange rate of PAK Rupees per Malaysian Ringgit","68.1510777","PKR","Normal","","90","Daily Average Exchange rate of PAK Rupees per Malaysian Ringgit"
"Bank Floating Daily Average Exchange Rates (PKR per National Currency)","17-Aug-2026","TS_GP_ES_FADERPKR_M.XRDAVG0100","10 Daily Average Exchange rate of PAK Rupees per New Zealand Dollar","164.622624","PKR","Normal","","100","Daily Average Exchange rate of PAK Rupees per New Zealand Dollar"
"Bank Floating Daily Average Exchange Rates (PKR per National Currency)","17-Aug-2026","TS_GP_ES_FADERPKR_M.XRDAVG0110","11 Daily Average Exchange rate of PAK Rupees per Norwegian Krone","29.5241775","PKR","Normal","","110","Daily Average Exchange rate of PAK Rupees per Norwegian Krone"
"Bank Floating Daily Average Exchange Rates (PKR per National Currency)","17-Aug-2026","TS_GP_ES_FADERPKR_M.XRDAVG0120","12 Daily Average Exchange rate of PAK Rupees per Omani Riyal","720.2959","PKR","Normal","","120","Daily Average Exchange rate of PAK Rupees per Omani Riyal"
"Bank Floating Daily Average Exchange Rates (PKR per National Currency)","17-Aug-2026","TS_GP_ES_FADERPKR_M.XRDAVG0130","13 Daily Average Exchange rate of PAK Rupees per Qatari Riyal","76.12275","PKR","Normal","","130","Daily Average Exchange rate of PAK Rupees per Qatari Riyal"
"Bank Floating Daily Average Exchange Rates (PKR per National Currency)","17-Aug-2026","TS_GP_ES_FADERPKR_M.XRDAVG0140","14 Daily Average Exchange rate of PAK Rupees per Singapore Dollar","217.550168","PKR","Normal","","140","Daily Average Exchange rate of PAK Rupees per Singapore Dollar"
"Bank Floating Daily Average Exchange Rates (PKR per National Currency)","17-Aug-2026","TS_GP_ES_FADERPKR_M.XRDAVG0150","15 Daily Average Exchange rate of PAK Rupees per Swedish Krona","29.2594677","PKR","Normal","","150","Daily Average Exchange rate of PAK Rupees per Swedish Krona"
"Bank Floating Daily Average Exchange Rates (PKR per National Currency)","17-Aug-2026","TS_GP_ES_FADERPKR_M.XRDAVG0160","16 Daily Average Exchange rate of PAK Rupees per Swiss Franc","342.3332053","PKR","Normal","","160","Daily Average Exchange rate of PAK Rupees per Swiss Franc"
"Bank Floating Daily Average Exchange Rates (PKR per National Currency)","17-Aug-2026","TS_GP_ES_FADERPKR_M.XRDAVG0170","17 Daily Average Exchange rate of PAK Rupees per Saudi Riyal","74.0302645","PKR","Normal","","170","Daily Average Exchange rate of PAK Rupees per Saudi Riyal"
"Bank Floating Daily Average Exchange Rates (PKR per National Currency)","17-Aug-2026","TS_GP_ES_FADERPKR_M.XRDAVG0180","18 Daily Average Exchange rate of PAK Rupees per Thai Baht","8.4252403","PKR","Normal","","180","Daily Average Exchange rate of PAK Rupees per Thai Baht"
"Bank Floating Daily Average Exchange Rates (PKR per National Currency)","17-Aug-2026","TS_GP_ES_FADERPKR_M.XRDAVG0190","19 Daily Average Exchange rate of PAK Rupees per Turkish Lira","5.821275","PKR","Normal","","190","Daily Average Exchange rate of PAK Rupees per Turkish Lira"
"Bank Floating Daily Average Exchange Rates (PKR per National Currency)","17-Aug-2026","TS_GP_ES_FADERPKR_M.XRDAVG0200","20 Daily Average Exchange rate of PAK Rupees per U.A.E. Dirham","75.6683268","PKR","Normal","","200","Daily Average Exchange rate of PAK Rupees per U.A.E. Dirham"
"Bank Floating Daily Average Exchange Rates (PKR per National Currency)","17-Aug-2026","TS_GP_ES_FADERPKR_M.XRDAVG0210","21 Daily Average Exchange rate of PAK Rupees per U.K. Pound Sterling","376.5232688","PKR","Normal","","210","Daily Average Exchange rate of PAK Rupees per U.K. Pound Sterling"
"Bank Floating Daily Average Exchange Rates (PKR per National Currency)","17-Aug-2026","TS_GP_ES_FADERPKR_M.XRDAVG0220","22 Daily Average Exchange rate of PAK Rupees per U.S. Dollar","277.9142857","PKR","Normal","","220","Daily Average Exchange rate of PAK Rupees per U.S. Dollar"
"Bank Floating Daily Average Exchange Rates (PKR per National Currency)","17-Aug-2026","TS_GP_ES_FADERPKR_M.XRDAVG0230","23 Daily Average Exchange rate of PAK Rupees per Euro","321.8462742","PKR","Normal","","230","Daily Average Exchange rate of PAK Rupees per Euro"
"Bank Floating Daily Average Exchange Rates (PKR per National Currency)","13-Aug-2026","TS_GP_ES_FADERPKR_M.XRDAVG0010","1 Daily Average Exchange rate of PAK Rupees per Australian Dollar","195.8260017","PKR","Normal","","10","Daily Average Exchange rate of PAK Rupees per Australian Dollar"
"Bank Floating Daily Average Exchange Rates (PKR per National Currency)","13-Aug-2026","TS_GP_ES_FADERPKR_M.XRDAVG0020","2 Daily Average Exchange rate of PAK Rupees per Bahraini Dinar","736.07045","PKR","Normal","","20","Daily Average Exchange rate of PAK Rupees per Bahraini Dinar"
"Bank Floating Daily Average Exchange Rates (PKR per National Currency)","13-Aug-2026","TS_GP_ES_FADERPKR_M.XRDAVG0030","3 Daily Average Exchange rate of PAK Rupees per Canadian Dollar","199.2184301","PKR","Normal","","30","Daily Average Exchange rate of PAK Rupees per Canadian Dollar"
"Bank Floating Daily Average Exchange Rates (PKR per National Currency)","13-Aug-2026","TS_GP_ES_FADERPKR_M.XRDAVG0040","4 Daily Average Exchange rate of PAK Rupees per Chinese Yuan","41.2126076","PKR","Normal","","40","Daily Average Exchange rate of PAK Rupees per Chinese Yuan"
"Bank Floating Daily Average Exchange Rates (PKR per National Currency)","13-Aug-2026","TS_GP_ES_FADERPKR_M.XRDAVG0050","5 Daily Average Exchange rate of PAK Rupees per Danish Krone","42.8736063","PKR","Normal","","50","Daily Average Exchange rate of PAK Rupees per Danish Krone"
"Bank Floating Daily Average Exchange Rates (PKR per National Currency)","13-Aug-2026","TS_GP_ES_FADERPKR_M.XRDAVG0060","6 Daily Average Exchange rate of PAK Rupees per Hon Kong Dollar","35.4459876","PKR","Normal","","60","Daily Average Exchange rate of PAK Rupees per Hong Kong Dollar"
"Bank Floating Daily Average Exchange Rates (PKR per National Currency)","13-Aug-2026","TS_GP_ES_FADERPKR_M.XRDAVG0070","7 Daily Average Exchange rate of PAK Rupees per Japanese Yen","1.7432838","PKR","Normal","","70","Daily Average Exchange rate of PAK Rupees per Japanese Yen"
"Bank Floating Daily Average Exchange Rates (PKR per National Currency)","13-Aug-2026","TS_GP_ES_FADERPKR_M.XRDAVG0080","8 Daily Average Exchange rate of PAK Rupees per Kuwaiti Dinar","903.2868","PKR","Normal","","80","Daily Average Exchange rate of PAK Rupees per Kuwaiti Dinar"
"Bank Floating Daily Average Exchange Rates (PKR per National Currency)","13-Aug-2026","TS_GP_ES_FADERPKR_M.XRDAVG0090","9 Daily Average Exchange rate of PAK Rupees per Malaysian Ringgit","67.9763288","PKR","Normal","","90","Daily Average Exchange rate of PAK Rupees per Malaysian Ringgit"
"Bank Floating Daily Average Exchange Rates (PKR per National Currency)","13-Aug-2026","TS_GP_ES_FADERPKR_M.XRDAVG0100","10 Daily Average Exchange rate of PAK Rupees per New Zealand Dollar","162.488217","PKR","Normal","","100","Daily Average Exchange rate of PAK Rupees per New Zealand Dollar"
"Bank Floating Daily Average Exchange Rates (PKR per National Currency)","13-Aug-2026","TS_GP_ES_FADERPKR_M.XRDAVG0110","11 Daily Average Exchange rate of PAK Rupees per Norwegian Krone","29.3069412","PKR","Normal","","110","Daily Average Exchange rate of PAK Rupees per Norwegian Krone"
"Bank Floating Daily Average Exchange Rates (PKR per National Currency)","13-Aug-2026","TS_GP_ES_FADERPKR_M.XRDAVG0120","12 Daily Average Exchange rate of PAK Rupees per Omani Riyal","720.3609","PKR","Normal","","120","Daily Average Exchange rate of PAK Rupees per Omani Riyal"
"Bank Floating Daily Average Exchange Rates (PKR per National Currency)","13-Aug-2026","TS_GP_ES_FADERPKR_M.XRDAVG0130","13 Daily Average Exchange rate of PAK Rupees per Qatari Riyal","76.1289","PKR","Normal","","130","Daily Average Exchange rate of PAK Rupees per Qatari Riyal"
"Bank Floating Daily Average Exchange Rates (PKR per National Currency)","13-Aug-2026","TS_GP_ES_FADERPKR_M.XRDAVG0140","14 Daily Average Exchange rate of PAK Rupees per Singapore Dollar","217.0436438","PKR","Normal","","140","Daily Average Exchange rate of PAK Rupees per Singapore Dollar"
"Bank Floating Daily Average Exchange Rates (PKR per National Currency)","13-Aug-2026","TS_GP_ES_FADERPKR_M.XRDAVG0150","15 Daily Average Exchange rate of PAK Rupees per Swedish Krona","29.0114097","PKR","Normal","","150","Daily Average Exchange rate of PAK Rupees per Swedish Krona"
"Bank Floating Daily Average Exchange Rates (PKR per National Currency)","13-Aug-2026","TS_GP_ES_FADERPKR_M.XRDAVG0160","16 Daily Average Exchange rate of PAK Rupees per Swiss Franc","341.2797936","PKR","Normal","","160","Daily Average Exchange rate of PAK Rupees per Swiss Franc"
"Bank Floating Daily Average Exchange Rates (PKR per National Currency)","13-Aug-2026","TS_GP_ES_FADERPKR_M.XRDAVG0170","17 Daily Average Exchange rate of PAK Rupees per Saudi Riyal","74.0275017","PKR","Normal","","170","Daily Average Exchange rate of PAK Rupees per Saudi Riyal"
"Bank Floating Daily Average Exchange Rates (PKR per National Currency)","13-Aug-2026","TS_GP_ES_FADERPKR_M.XRDAVG0180","18 Daily Average Exchange rate of PAK Rupees per Thai Baht","8.4065378","PKR","Normal","","180","Daily Average Exchange rate of PAK Rupees per Thai Baht"
"Bank Floating Daily Average Exchange Rates (PKR per National Currency)","13-Aug-2026","TS_GP_ES_FADERPKR_M.XRDAVG0190","19 Daily Average Exchange rate of PAK Rupees per Turkish Lira","5.8381125","PKR","Normal","","190","Daily Average Exchange rate of PAK Rupees per Turkish Lira"
"Bank Floating Daily Average Exchange Rates (PKR per National Currency)","13-Aug-2026","TS_GP_ES_FADERPKR_M.XRDAVG0200","20 Daily Average Exchange rate of PAK Rupees per U.A.E. Dirham","75.6647955","PKR","Normal","","200","Daily Average Exchange rate of PAK Rupees per U.A.E. Dirham"
"Bank Floating Daily Average Exchange Rates (PKR per National Currency)","13-Aug-2026","TS_GP_ES_FADERPKR_M.XRDAVG0210","21 Daily Average Exchange rate of PAK Rupees per U.K. Pound Sterling","374.8338882","PKR","Normal","","210","Daily Average Exchange rate of PAK Rupees per U.K. Pound Sterling"
"Bank Floating Daily Average Exchange Rates (PKR per National Currency)","13-Aug-2026","TS_GP_ES_FADERPKR_M.XRDAVG0220","22 Daily Average Exchange rate of PAK Rupees per U.S. Dollar","277.94","PKR","Normal","","220","Daily Average Exchange rate of PAK Rupees per U.S. Dollar"
"Bank Floating Daily Average Exchange Rates (PKR per National Currency)","13-Aug-2026","TS_GP_ES_FADERPKR_M.XRDAVG0230","23 Daily Average Exchange rate of PAK Rupees per Euro","320.158379","PKR","Normal","","230","Daily Average Exchange rate of PAK Rupees per Euro"
"Bank Floating Daily Average Exchange Rates (PKR per National Currency)","12-Aug-2026","TS_GP_ES_FADERPKR_M.XRDAVG0010","1 Daily Average Exchange rate of PAK Rupees per Australian Dollar","196.0756176","PKR","Normal","","10","Daily Average Exchange rate of PAK Rupees per Australian Dollar"
"Bank Floating Daily Average Exchange Rates (PKR per National Currency)","12-Aug-2026","TS_GP_ES_FADERPKR_M.XRDAVG0020","2 Daily Average Exchange rate of PAK Rupees per Bahraini Dinar","736.0654","PKR","Normal","","20","Daily Average Exchange rate of PAK Rupees per Bahraini Dinar"
"Bank Floating Daily Average Exchange Rates (PKR per National Currency)","12-Aug-2026","TS_GP_ES_FADERPKR_M.XRDAVG0030","3 Daily Average Exchange rate of PAK Rupees per Canadian Dollar","199.4793961","PKR","Normal","","30","Daily Average Exchange rate of PAK Rupees per Canadian Dollar"
"Bank Floating Daily Average Exchange Rates (PKR per National Currency)","12-Aug-2026","TS_GP_ES_FADERPKR_M.XRDAVG0040","4 Daily Average Exchange rate of PAK Rupees per Chinese Yuan","41.2137155","PKR","Normal","","40","Daily Average Exchange rate of PAK Rupees per Chinese Yuan"
"Bank Floating Daily Average Exchange Rates (PKR per National Currency)","12-Aug-2026","TS_GP_ES_FADERPKR_M.XRDAVG0050","5 Daily Average Exchange rate of PAK Rupees per Danish Krone","42.9213786","PKR","Normal","","50","Daily Average Exchange rate of PAK Rupees per Danish Krone"
"Bank Floating Daily Average Exchange Rates (PKR per National Currency)","12-Aug-2026","TS_GP_ES_FADERPKR_M.XRDAVG0060","6 Daily Average Exchange rate of PAK Rupees per Hon Kong Dollar","35.4465733","PKR","Normal","","60","Daily Average Exchange rate of PAK Rupees per Hong Kong Dollar"
"Bank Floating Daily Average Exchange Rates (PKR per National Currency)","12-Aug-2026","TS_GP_ES_FADERPKR_M.XRDAVG0070","7 Daily Average Exchange rate of PAK Rupees per Japanese Yen","1.7435633","PKR","Normal","","70","Daily Average Exchange rate of PAK Rupees per Japanese Yen"
"Bank Floating Daily Average Exchange Rates (PKR per National Currency)","12-Aug-2026","TS_GP_ES_FADERPKR_M.XRDAVG0080","8 Daily Average Exchange rate of PAK Rupees per Kuwaiti Dinar","903.4879833","PKR","Normal","","80","Daily Average Exchange rate of PAK Rupees per Kuwaiti Dinar"
"Bank Floating Daily Average Exchange Rates (PKR per National Currency)","12-Aug-2026","TS_GP_ES_FADERPKR_M.XRDAVG0090","9 Daily Average Exchange rate of PAK Rupees per Malaysian Ringgit","67.9297051","PKR","Normal","","90","Daily Average Exchange rate of PAK Rupees per Malaysian Ringgit"
"Bank Floating Daily Average Exchange Rates (PKR per National Currency)","12-Aug-2026","TS_GP_ES_FADERPKR_M.XRDAVG0100","10 Daily Average Exchange rate of PAK Rupees per New Zealand Dollar","163.458504","PKR","Normal","","100","Daily Average Exchange rate of PAK Rupees per New Zealand Dollar"
"Bank Floating Daily Average Exchange Rates (PKR per National Currency)","12-Aug-2026","TS_GP_ES_FADERPKR_M.XRDAVG0110","11 Daily Average Exchange rate of PAK Rupees per Norwegian Krone","29.3190119","PKR","Normal","","110","Daily Average Exchange rate of PAK Rupees per Norwegian Krone"
"Bank Floating Daily Average Exchange Rates (PKR per National Currency)","12-Aug-2026","TS_GP_ES_FADERPKR_M.XRDAVG0120","12 Daily Average Exchange rate of PAK Rupees per Omani Riyal","720.42585","PKR","Normal","","120","Daily Average Exchange rate of PAK Rupees per Omani Riyal"
"Bank Floating Daily Average Exchange Rates (PKR per National Currency)","12-Aug-2026","TS_GP_ES_FADERPKR_M.XRDAVG0130","13 Daily Average Exchange rate of PAK Rupees per Qatari Riyal","76.1446","PKR","Normal","","130","Daily Average Exchange rate of PAK Rupees per Qatari Riyal"
"Bank Floating Daily Average Exchange Rates (PKR per National Currency)","12-Aug-2026","TS_GP_ES_FADERPKR_M.XRDAVG0140","14 Daily Average Exchange rate of PAK Rupees per Singapore Dollar","217.0247314","PKR","Normal","","140","Daily Average Exchange rate of PAK Rupees per Singapore Dollar"
"Bank Floating Daily Average Exchange Rates (PKR per National Currency)","12-Aug-2026","TS_GP_ES_FADERPKR_M.XRDAVG0150","15 Daily Average Exchange rate of PAK Rupees per Swedish Krona","29.1843101","PKR","Normal","","150","Daily Average Exchange rate of PAK Rupees per Swedish Krona"
"Bank Floating Daily Average Exchange Rates (PKR per National Currency)","12-Aug-2026","TS_GP_ES_FADERPKR_M.XRDAVG0160","16 Daily Average Exchange rate of PAK Rupees per Swiss Franc","342.1727598","PKR","Normal","","160","Daily Average Exchange rate of PAK Rupees per Swiss Franc"
"Bank Floating Daily Average Exchange Rates (PKR per National Currency)","12-Aug-2026","TS_GP_ES_FADERPKR_M.XRDAVG0170","17 Daily Average Exchange rate of PAK Rupees per Saudi Riyal","74.0311645","PKR","Normal","","170","Daily Average Exchange rate of PAK Rupees per Saudi Riyal"
"Bank Floating Daily Average Exchange Rates (PKR per National Currency)","12-Aug-2026","TS_GP_ES_FADERPKR_M.XRDAVG0180","18 Daily Average Exchange rate of PAK Rupees per Thai Baht","8.4114753","PKR","Normal","","180","Daily Average Exchange rate of PAK Rupees per Thai Baht"
"Bank Floating Daily Average Exchange Rates (PKR per National Currency)","12-Aug-2026","TS_GP_ES_FADERPKR_M.XRDAVG0190","19 Daily Average Exchange rate of PAK Rupees per Turkish Lira","5.839775","PKR","Normal","","190","Daily Average Exchange rate of PAK Rupees per Turkish Lira"
"Bank Floating Daily Average Exchange Rates (PKR per National Currency)","12-Aug-2026","TS_GP_ES_FADERPKR_M.XRDAVG0200","20 Daily Average Exchange rate of PAK Rupees per U.A.E. Dirham","75.6740768","PKR","Normal","","200","Daily Average Exchange rate of PAK Rupees per U.A.E. Dirham"
"Bank Floating Daily Average Exchange Rates (PKR per National Currency)","12-Aug-2026","TS_GP_ES_FADERPKR_M.XRDAVG0210","21 Daily Average Exchange rate of PAK Rupees per U.K. Pound Sterling","375.2975062","PKR","Normal","","210","Daily Average Exchange rate of PAK Rupees per U.K. Pound Sterling"
"Bank Floating Daily Average Exchange Rates (PKR per National Currency)","12-Aug-2026","TS_GP_ES_FADERPKR_M.XRDAVG0220","22 Daily Average Exchange rate of PAK Rupees per U.S. Dollar","277.9464286","PKR","Normal","","220","Daily Average Exchange rate of PAK Rupees per U.S. Dollar"
"Bank Floating Daily Average Exchange Rates (PKR per National Currency)","12-Aug-2026","TS_GP_ES_FADERPKR_M.XRDAVG0230","23 Daily Average Exchange rate of PAK Rupees per Euro","320.5324115","PKR","Normal","","230","Daily Average Exchange rate of PAK Rupees per Euro"
"Bank Floating Daily Average Exchange Rates (PKR per National Currency)","11-Aug-2026","TS_GP_ES_FADERPKR_M.XRDAVG0010","1 Daily Average Exchange rate of PAK Rupees per Australian Dollar","196.032514","PKR","Normal","","10","Daily Average Exchange rate of PAK Rupees per Australian Dollar"
"Bank Floating Daily Average Exchange Rates (PKR per National Currency)","11-Aug-2026","TS_GP_ES_FADERPKR_M.XRDAVG0020","2 Daily Average Exchange rate of PAK Rupees per Bahraini Dinar","736.1097333","PKR","Normal","","20","Daily Average Exchange rate of PAK Rupees per Bahraini Dinar"
"Bank Floating Daily Average Exchange Rates (PKR per National Currency)","11-Aug-2026","TS_GP_ES_FADERPKR_M.XRDAVG0030","3 Daily Average Exchange rate of PAK Rupees per Canadian Dollar","199.4702567","PKR","Normal","","30","Daily Average Exchange rate of PAK Rupees per Canadian Dollar"
"Bank Floating Daily Average Exchange Rates (PKR per National Currency)","11-Aug-2026","TS_GP_ES_FADERPKR_M.XRDAVG0040","4 Daily Average Exchange rate of PAK Rupees per Chinese Yuan","41.223771","PKR","Normal","","40","Daily Average Exchange rate of PAK Rupees per Chinese Yuan"
"Bank Floating Daily Average Exchange Rates (PKR per National Currency)","11-Aug-2026","TS_GP_ES_FADERPKR_M.XRDAVG0050","5 Daily Average Exchange rate of PAK Rupees per Danish Krone","42.946976","PKR","Normal","","50","Daily Average Exchange rate of PAK Rupees per Danish Krone"
"Bank Floating Daily Average Exchange Rates (PKR per National Currency)","11-Aug-2026","TS_GP_ES_FADERPKR_M.XRDAVG0060","6 Daily Average Exchange rate of PAK Rupees per Hon Kong Dollar","35.450947","PKR","Normal","","60","Daily Average Exchange rate of PAK Rupees per Hong Kong Dollar"
"Bank Floating Daily Average Exchange Rates (PKR per National Currency)","11-Aug-2026","TS_GP_ES_FADERPKR_M.XRDAVG0070","7 Daily Average Exchange rate of PAK Rupees per Japanese Yen","1.7458697","PKR","Normal","","70","Daily Average Exchange rate of PAK Rupees per Japanese Yen"
"Bank Floating Daily Average Exchange Rates (PKR per National Currency)","11-Aug-2026","TS_GP_ES_FADERPKR_M.XRDAVG0080","8 Daily Average Exchange rate of PAK Rupees per Kuwaiti Dinar","903.7818833","PKR","Normal","","80","Daily Average Exchange rate of PAK Rupees per Kuwaiti Dinar"
"Bank Floating Daily Average Exchange Rates (PKR per National Currency)","11-Aug-2026","TS_GP_ES_FADERPKR_M.XRDAVG0090","9 Daily Average Exchange rate of PAK Rupees per Malaysian Ringgit","67.9138548","PKR","Normal","","90","Daily Average Exchange rate of PAK Rupees per Malaysian Ringgit"
"Bank Floating Daily Average Exchange Rates (PKR per National Currency)","11-Aug-2026","TS_GP_ES_FADERPKR_M.XRDAVG0100","10 Daily Average Exchange rate of PAK Rupees per New Zealand Dollar","164.011123","PKR","Normal","","100","Daily Average Exchange rate of PAK Rupees per New Zealand Dollar"
"Bank Floating Daily Average Exchange Rates (PKR per National Currency)","11-Aug-2026","TS_GP_ES_FADERPKR_M.XRDAVG0110","11 Daily Average Exchange rate of PAK Rupees per Norwegian Krone","29.3182334","PKR","Normal","","110","Daily Average Exchange rate of PAK Rupees per Norwegian Krone"
"Bank Floating Daily Average Exchange Rates (PKR per National Currency)","11-Aug-2026","TS_GP_ES_FADERPKR_M.XRDAVG0120","12 Daily Average Exchange rate of PAK Rupees per Omani Riyal","720.42585","PKR","Normal","","120","Daily Average Exchange rate of PAK Rupees per Omani Riyal"
"Bank Floating Daily Average Exchange Rates (PKR per National Currency)","11-Aug-2026","TS_GP_ES_FADERPKR_M.XRDAVG0130","13 Daily Average Exchange rate of PAK Rupees per Qatari Riyal","76.1334667","PKR","Normal","","130","Daily Average Exchange rate of PAK Rupees per Qatari Riyal"
"Bank Floating Daily Average Exchange Rates (PKR per National Currency)","11-Aug-2026","TS_GP_ES_FADERPKR_M.XRDAVG0140","14 Daily Average Exchange rate of PAK Rupees per Singapore Dollar","217.0918637","PKR","Normal","","140","Daily Average Exchange rate of PAK Rupees per Singapore Dollar"
"Bank Floating Daily Average Exchange Rates (PKR per National Currency)","11-Aug-2026","TS_GP_ES_FADERPKR_M.XRDAVG0150","15 Daily Average Exchange rate of PAK Rupees per Swedish Krona","29.2946292","PKR","Normal","","150","Daily Average Exchange rate of PAK Rupees per Swedish Krona"
"Bank Floating Daily Average Exchange Rates (PKR per National Currency)","11-Aug-2026","TS_GP_ES_FADERPKR_M.XRDAVG0160","16 Daily Average Exchange rate of PAK Rupees per Swiss Franc","342.8888272","PKR","Normal","","160","Daily Average Exchange rate of PAK Rupees per Swiss Franc"
"Bank Floating Daily Average Exchange Rates (PKR per National Currency)","11-Aug-2026","TS_GP_ES_FADERPKR_M.XRDAVG0170","17 Daily Average Exchange rate of PAK Rupees per Saudi Riyal","74.0265368","PKR","Normal","","170","Daily Average Exchange rate of PAK Rupees per Saudi Riyal"
"Bank Floating Daily Average Exchange Rates (PKR per National Currency)","11-Aug-2026","TS_GP_ES_FADERPKR_M.XRDAVG0180","18 Daily Average Exchange rate of PAK Rupees per Thai Baht","8.4113974","PKR","Normal","","180","Daily Average Exchange rate of PAK Rupees per Thai Baht"
"Bank Floating Daily Average Exchange Rates (PKR per National Currency)","11-Aug-2026","TS_GP_ES_FADERPKR_M.XRDAVG0190","19 Daily Average Exchange rate of PAK Rupees per Turkish Lira","5.843375","PKR","Normal","","190","Daily Average Exchange rate of PAK Rupees per Turkish Lira"
"Bank Floating Daily Average Exchange Rates (PKR per National Currency)","11-Aug-2026","TS_GP_ES_FADERPKR_M.XRDAVG0200","20 Daily Average Exchange rate of PAK Rupees per U.A.E. Dirham","75.6812544","PKR","Normal","","200","Daily Average Exchange rate of PAK Rupees per U.A.E. Dirham"
"Bank Floating Daily Average Exchange Rates (PKR per National Currency)","11-Aug-2026","TS_GP_ES_FADERPKR_M.XRDAVG0210","21 Daily Average Exchange rate of PAK Rupees per U.K. Pound Sterling","375.4240599","PKR","Normal","","210","Daily Average Exchange rate of PAK Rupees per U.K. Pound Sterling"
"Bank Floating Daily Average Exchange Rates (PKR per National Currency)","11-Aug-2026","TS_GP_ES_FADERPKR_M.XRDAVG0220","22 Daily Average Exchange rate of PAK Rupees per U.S. Dollar","277.9535714","PKR","Normal","","220","Daily Average Exchange rate of PAK Rupees per U.S. Dollar"
"Bank Floating Daily Average Exchange Rates (PKR per National Currency)","11-Aug-2026","TS_GP_ES_FADERPKR_M.XRDAVG0230","23 Daily Average Exchange rate of PAK Rupees per Euro","320.7359794","PKR","Normal","","230","Daily Average Exchange rate of PAK Rupees per Euro"
"Bank Floating Daily Average Exchange Rates (PKR per National Currency)","10-Aug-2026","TS_GP_ES_FADERPKR_M.XRDAVG0010","1 Daily Average Exchange rate of PAK Rupees per Australian Dollar","196.2130033","PKR","Normal","","10","Daily Average Exchange rate of PAK Rupees per Australian Dollar"
"Bank Floating Daily Average Exchange Rates (PKR per National Currency)","10-Aug-2026","TS_GP_ES_FADERPKR_M.XRDAVG0020","2 Daily Average Exchange rate of PAK Rupees per Bahraini Dinar","736.1530667","PKR","Normal","","20","Daily Average Exchange rate of PAK Rupees per Bahraini Dinar"
"Bank Floating Daily Average Exchange Rates (PKR per National Currency)","10-Aug-2026","TS_GP_ES_FADERPKR_M.XRDAVG0030","3 Daily Average Exchange rate of PAK Rupees per Canadian Dollar","199.0877708","PKR","Normal","","30","Daily Average Exchange rate of PAK Rupees per Canadian Dollar"
"Bank Floating Daily Average Exchange Rates (PKR per National Currency)","10-Aug-2026","TS_GP_ES_FADERPKR_M.XRDAVG0040","4 Daily Average Exchange rate of PAK Rupees per Chinese Yuan","41.2207387","PKR","Normal","","40","Daily Average Exchange rate of PAK Rupees per Chinese Yuan"
"Bank Floating Daily Average Exchange Rates (PKR per National Currency)","10-Aug-2026","TS_GP_ES_FADERPKR_M.XRDAVG0050","5 Daily Average Exchange rate of PAK Rupees per Danish Krone","42.9925231","PKR","Normal","","50","Daily Average Exchange rate of PAK Rupees per Danish Krone"
"Bank Floating Daily Average Exchange Rates (PKR per National Currency)","10-Aug-2026","TS_GP_ES_FADERPKR_M.XRDAVG0060","6 Daily Average Exchange rate of PAK Rupees per Hon Kong Dollar","35.4586902","PKR","Normal","","60","Daily Average Exchange rate of PAK Rupees per Hong Kong Dollar"
"Bank Floating Daily Average Exchange Rates (PKR per National Currency)","10-Aug-2026","TS_GP_ES_FADERPKR_M.XRDAVG0070","7 Daily Average Exchange rate of PAK Rupees per Japanese Yen","1.7558484","PKR","Normal","","70","Daily Average Exchange rate of PAK Rupees per Japanese Yen"
"Bank Floating Daily Average Exchange Rates (PKR per National Currency)","10-Aug-2026","TS_GP_ES_FADERPKR_M.XRDAVG0080","8 Daily Average Exchange rate of PAK Rupees per Kuwaiti Dinar","903.89115","PKR","Normal","","80","Daily Average Exchange rate of PAK Rupees per Kuwaiti Dinar"
"Bank Floating Daily Average Exchange Rates (PKR per National Currency)","10-Aug-2026","TS_GP_ES_FADERPKR_M.XRDAVG0090","9 Daily Average Exchange rate of PAK Rupees per Malaysian Ringgit","67.9817094","PKR","Normal","","90","Daily Average Exchange rate of PAK Rupees per Malaysian Ringgit"
"Bank Floating Daily Average Exchange Rates (PKR per National Currency)","10-Aug-2026","TS_GP_ES_FADERPKR_M.XRDAVG0100","10 Daily Average Exchange rate of PAK Rupees per New Zealand Dollar","164.091739","PKR","Normal","","100","Daily Average Exchange rate of PAK Rupees per New Zealand Dollar"
"Bank Floating Daily Average Exchange Rates (PKR per National Currency)","10-Aug-2026","TS_GP_ES_FADERPKR_M.XRDAVG0110","11 Daily Average Exchange rate of PAK Rupees per Norwegian Krone","29.280288","PKR","Normal","","110","Daily Average Exchange rate of PAK Rupees per Norwegian Krone"
"Bank Floating Daily Average Exchange Rates (PKR per National Currency)","10-Aug-2026","TS_GP_ES_FADERPKR_M.XRDAVG0120","12 Daily Average Exchange rate of PAK Rupees per Omani Riyal","720.49085","PKR","Normal","","120","Daily Average Exchange rate of PAK Rupees per Omani Riyal"
"Bank Floating Daily Average Exchange Rates (PKR per National Currency)","10-Aug-2026","TS_GP_ES_FADERPKR_M.XRDAVG0130","13 Daily Average Exchange rate of PAK Rupees per Qatari Riyal","76.1413667","PKR","Normal","","130","Daily Average Exchange rate of PAK Rupees per Qatari Riyal"
"Bank Floating Daily Average Exchange Rates (PKR per National Currency)","10-Aug-2026","TS_GP_ES_FADERPKR_M.XRDAVG0140","14 Daily Average Exchange rate of PAK Rupees per Singapore Dollar","217.2388694","PKR","Normal","","140","Daily Average Exchange rate of PAK Rupees per Singapore Dollar"
"Bank Floating Daily Average Exchange Rates (PKR per National Currency)","10-Aug-2026","TS_GP_ES_FADERPKR_M.XRDAVG0150","15 Daily Average Exchange rate of PAK Rupees per Swedish Krona","29.3007666","PKR","Normal","","150","Daily Average Exchange rate of PAK Rupees per Swedish Krona"
"Bank Floating Daily Average Exchange Rates (PKR per National Currency)","10-Aug-2026","TS_GP_ES_FADERPKR_M.XRDAVG0160","16 Daily Average Exchange rate of PAK Rupees per Swiss Franc","343.4147138","PKR","Normal","","160","Daily Average Exchange rate of PAK Rupees per Swiss Franc"
"Bank Floating Daily Average Exchange Rates (PKR per National Currency)","10-Aug-2026","TS_GP_ES_FADERPKR_M.XRDAVG0170","17 Daily Average Exchange rate of PAK Rupees per Saudi Riyal","74.0368957","PKR","Normal","","170","Daily Average Exchange rate of PAK Rupees per Saudi Riyal"
"Bank Floating Daily Average Exchange Rates (PKR per National Currency)","10-Aug-2026","TS_GP_ES_FADERPKR_M.XRDAVG0180","18 Daily Average Exchange rate of PAK Rupees per Thai Baht","8.4397661","PKR","Normal","","180","Daily Average Exchange rate of PAK Rupees per Thai Baht"
"Bank Floating Daily Average Exchange Rates (PKR per National Currency)","10-Aug-2026","TS_GP_ES_FADERPKR_M.XRDAVG0190","19 Daily Average Exchange rate of PAK Rupees per Turkish Lira","5.8464625","PKR","Normal","","190","Daily Average Exchange rate of PAK Rupees per Turkish Lira"
"Bank Floating Daily Average Exchange Rates (PKR per National Currency)","10-Aug-2026","TS_GP_ES_FADERPKR_M.XRDAVG0200","20 Daily Average Exchange rate of PAK Rupees per U.A.E. Dirham","75.688994","PKR","Normal","","200","Daily Average Exchange rate of PAK Rupees per U.A.E. Dirham"
"Bank Floating Daily Average Exchange Rates (PKR per National Currency)","10-Aug-2026","TS_GP_ES_FADERPKR_M.XRDAVG0210","21 Daily Average Exchange rate of PAK Rupees per U.K. Pound Sterling","374.8525664","PKR","Normal","","210","Daily Average Exchange rate of PAK Rupees per U.K. Pound Sterling"
"Bank Floating Daily Average Exchange Rates (PKR per National Currency)","10-Aug-2026","TS_GP_ES_FADERPKR_M.XRDAVG0220","22 Daily Average Exchange rate of PAK Rupees per U.S. Dollar","277.9832143","PKR","Normal","","220","Daily Average Exchange rate of PAK Rupees per U.S. Dollar"
"Bank Floating Daily Average Exchange Rates (PKR per National Currency)","10-Aug-2026","TS_GP_ES_FADERPKR_M.XRDAVG0230","23 Daily Average Exchange rate of PAK Rupees per Euro","321.0005767","PKR","Normal","","230","Daily Average Exchange rate of PAK Rupees per Euro"
"Bank Floating Daily Average Exchange Rates (PKR per National Currency)","07-Aug-2026","TS_GP_ES_FADERPKR_M.XRDAVG0010","1 Daily Average Exchange rate of PAK Rupees per Australian Dollar","195.3027961","PKR","Normal","","10","Daily Average Exchange rate of PAK Rupees per Australian Dollar"
"Bank Floating Daily Average Exchange Rates (PKR per National Currency)","07-Aug-2026","TS_GP_ES_FADERPKR_M.XRDAVG0020","2 Daily Average Exchange rate of PAK Rupees per Bahraini Dinar","736.1972667","PKR","Normal","","20","Daily Average Exchange rate of PAK Rupees per Bahraini Dinar"
"Bank Floating Daily Average Exchange Rates (PKR per National Currency)","07-Aug-2026","TS_GP_ES_FADERPKR_M.XRDAVG0030","3 Daily Average Exchange rate of PAK Rupees per Canadian Dollar","198.2629923","PKR","Normal","","30","Daily Average Exchange rate of PAK Rupees per Canadian Dollar"
"Bank Floating Daily Average Exchange Rates (PKR per National Currency)","07-Aug-2026","TS_GP_ES_FADERPKR_M.XRDAVG0040","4 Daily Average Exchange rate of PAK Rupees per Chinese Yuan","41.2188468","PKR","Normal","","40","Daily Average Exchange rate of PAK Rupees per Chinese Yuan"
"Bank Floating Daily Average Exchange Rates (PKR per National Currency)","07-Aug-2026","TS_GP_ES_FADERPKR_M.XRDAVG0050","5 Daily Average Exchange rate of PAK Rupees per Danish Krone","42.8901582","PKR","Normal","","50","Daily Average Exchange rate of PAK Rupees per Danish Krone"
"Bank Floating Daily Average Exchange Rates (PKR per National Currency)","07-Aug-2026","TS_GP_ES_FADERPKR_M.XRDAVG0060","6 Daily Average Exchange rate of PAK Rupees per Hon Kong Dollar","35.4714514","PKR","Normal","","60","Daily Average Exchange rate of PAK Rupees per Hong Kong Dollar"
"Bank Floating Daily Average Exchange Rates (PKR per National Currency)","07-Aug-2026","TS_GP_ES_FADERPKR_M.XRDAVG0070","7 Daily Average Exchange rate of PAK Rupees per Japanese Yen","1.7556454","PKR","Normal","","70","Daily Average Exchange rate of PAK Rupees per Japanese Yen"
"Bank Floating Daily Average Exchange Rates (PKR per National Currency)","07-Aug-2026","TS_GP_ES_FADERPKR_M.XRDAVG0080","8 Daily Average Exchange rate of PAK Rupees per Kuwaiti Dinar","903.9454167","PKR","Normal","","80","Daily Average Exchange rate of PAK Rupees per Kuwaiti Dinar"
"Bank Floating Daily Average Exchange Rates (PKR per National Currency)","07-Aug-2026","TS_GP_ES_FADERPKR_M.XRDAVG0090","9 Daily Average Exchange rate of PAK Rupees per Malaysian Ringgit","67.9552087","PKR","Normal","","90","Daily Average Exchange rate of PAK Rupees per Malaysian Ringgit"
"Bank Floating Daily Average Exchange Rates (PKR per National Currency)","07-Aug-2026","TS_GP_ES_FADERPKR_M.XRDAVG0100","10 Daily Average Exchange rate of PAK Rupees per New Zealand Dollar","163.4164165","PKR","Normal","","100","Daily Average Exchange rate of PAK Rupees per New Zealand Dollar"
"Bank Floating Daily Average Exchange Rates (PKR per National Currency)","07-Aug-2026","TS_GP_ES_FADERPKR_M.XRDAVG0110","11 Daily Average Exchange rate of PAK Rupees per Norwegian Krone","29.1773371","PKR","Normal","","110","Daily Average Exchange rate of PAK Rupees per Norwegian Krone"
"Bank Floating Daily Average Exchange Rates (PKR per National Currency)","07-Aug-2026","TS_GP_ES_FADERPKR_M.XRDAVG0120","12 Daily Average Exchange rate of PAK Rupees per Omani Riyal","720.555775","PKR","Normal","","120","Daily Average Exchange rate of PAK Rupees per Omani Riyal"
"Bank Floating Daily Average Exchange Rates (PKR per National Currency)","07-Aug-2026","TS_GP_ES_FADERPKR_M.XRDAVG0130","13 Daily Average Exchange rate of PAK Rupees per Qatari Riyal","76.1642667","PKR","Normal","","130","Daily Average Exchange rate of PAK Rupees per Qatari Riyal"
"Bank Floating Daily Average Exchange Rates (PKR per National Currency)","07-Aug-2026","TS_GP_ES_FADERPKR_M.XRDAVG0140","14 Daily Average Exchange rate of PAK Rupees per Singapore Dollar","216.8184148","PKR","Normal","","140","Daily Average Exchange rate of PAK Rupees per Singapore Dollar"
"Bank Floating Daily Average Exchange Rates (PKR per National Currency)","07-Aug-2026","TS_GP_ES_FADERPKR_M.XRDAVG0150","15 Daily Average Exchange rate of PAK Rupees per Swedish Krona","29.2360402","PKR","Normal","","150","Daily Average Exchange rate of PAK Rupees per Swedish Krona"
"Bank Floating Daily Average Exchange Rates (PKR per National Currency)","07-Aug-2026","TS_GP_ES_FADERPKR_M.XRDAVG0160","16 Daily Average Exchange rate of PAK Rupees per Swiss Franc","342.1783673","PKR","Normal","","160","Daily Average Exchange rate of PAK Rupees per Swiss Franc"
"Bank Floating Daily Average Exchange Rates (PKR per National Currency)","07-Aug-2026","TS_GP_ES_FADERPKR_M.XRDAVG0170","17 Daily Average Exchange rate of PAK Rupees per Saudi Riyal","74.0521446","PKR","Normal","","170","Daily Average Exchange rate of PAK Rupees per Saudi Riyal"
"Bank Floating Daily Average Exchange Rates (PKR per National Currency)","07-Aug-2026","TS_GP_ES_FADERPKR_M.XRDAVG0180","18 Daily Average Exchange rate of PAK Rupees per Thai Baht","8.415889","PKR","Normal","","180","Daily Average Exchange rate of PAK Rupees per Thai Baht"
"Bank Floating Daily Average Exchange Rates (PKR per National Currency)","07-Aug-2026","TS_GP_ES_FADERPKR_M.XRDAVG0190","19 Daily Average Exchange rate of PAK Rupees per Turkish Lira","5.8532","PKR","Normal","","190","Daily Average Exchange rate of PAK Rupees per Turkish Lira"
"Bank Floating Daily Average Exchange Rates (PKR per National Currency)","07-Aug-2026","TS_GP_ES_FADERPKR_M.XRDAVG0200","20 Daily Average Exchange rate of PAK Rupees per U.A.E. Dirham","75.6977266","PKR","Normal","","200","Daily Average Exchange rate of PAK Rupees per U.A.E. Dirham"
"Bank Floating Daily Average Exchange Rates (PKR per National Currency)","07-Aug-2026","TS_GP_ES_FADERPKR_M.XRDAVG0210","21 Daily Average Exchange rate of PAK Rupees per U.K. Pound Sterling","373.9416932","PKR","Normal","","210","Daily Average Exchange rate of PAK Rupees per U.K. Pound Sterling"
"Bank Floating Daily Average Exchange Rates (PKR per National Currency)","07-Aug-2026","TS_GP_ES_FADERPKR_M.XRDAVG0220","22 Daily Average Exchange rate of PAK Rupees per U.S. Dollar","278.0278571","PKR","Normal","","220","Daily Average Exchange rate of PAK Rupees per U.S. Dollar"
"Bank Floating Daily Average Exchange Rates (PKR per National Currency)","07-Aug-2026","TS_GP_ES_FADERPKR_M.XRDAVG0230","23 Daily Average Exchange rate of PAK Rupees per Euro","320.310536","PKR","Normal","","230","Daily Average Exchange rate of PAK Rupees per Euro"
"Bank Floating Daily Average Exchange Rates (PKR per National Currency)","06-Aug-2026","TS_GP_ES_FADERPKR_M.XRDAVG0010","1 Daily Average Exchange rate of PAK Rupees per Australian Dollar","195.8154452","PKR","Normal","","10","Daily Average Exchange rate of PAK Rupees per Australian Dollar"
"Bank Floating Daily Average Exchange Rates (PKR per National Currency)","06-Aug-2026","TS_GP_ES_FADERPKR_M.XRDAVG0020","2 Daily Average Exchange rate of PAK Rupees per Bahraini Dinar","736.2412667","PKR","Normal","","20","Daily Average Exchange rate of PAK Rupees per Bahraini Dinar"
"Bank Floating Daily Average Exchange Rates (PKR per National Currency)","06-Aug-2026","TS_GP_ES_FADERPKR_M.XRDAVG0030","3 Daily Average Exchange rate of PAK Rupees per Canadian Dollar","198.3016064","PKR","Normal","","30","Daily Average Exchange rate of PAK Rupees per Canadian Dollar"
"Bank Floating Daily Average Exchange Rates (PKR per National Currency)","06-Aug-2026","TS_GP_ES_FADERPKR_M.XRDAVG0040","4 Daily Average Exchange rate of PAK Rupees per Chinese Yuan","41.2073354","PKR","Normal","","40","Daily Average Exchange rate of PAK Rupees per Chinese Yuan"
"Bank Floating Daily Average Exchange Rates (PKR per National Currency)","06-Aug-2026","TS_GP_ES_FADERPKR_M.XRDAVG0050","5 Daily Average Exchange rate of PAK Rupees per Danish Krone","42.9812553","PKR","Normal","","50","Daily Average Exchange rate of PAK Rupees per Danish Krone"
"Bank Floating Daily Average Exchange Rates (PKR per National Currency)","06-Aug-2026","TS_GP_ES_FADERPKR_M.XRDAVG0060","6 Daily Average Exchange rate of PAK Rupees per Hon Kong Dollar","35.4689758","PKR","Normal","","60","Daily Average Exchange rate of PAK Rupees per Hong Kong Dollar"
"Bank Floating Daily Average Exchange Rates (PKR per National Currency)","06-Aug-2026","TS_GP_ES_FADERPKR_M.XRDAVG0070","7 Daily Average Exchange rate of PAK Rupees per Japanese Yen","1.7623852","PKR","Normal","","70","Daily Average Exchange rate of PAK Rupees per Japanese Yen"
"Bank Floating Daily Average Exchange Rates (PKR per National Currency)","06-Aug-2026","TS_GP_ES_FADERPKR_M.XRDAVG0080","8 Daily Average Exchange rate of PAK Rupees per Kuwaiti Dinar","903.9454167","PKR","Normal","","80","Daily Average Exchange rate of PAK Rupees per Kuwaiti Dinar"
"Bank Floating Daily Average Exchange Rates (PKR per National Currency)","06-Aug-2026","TS_GP_ES_FADERPKR_M.XRDAVG0090","9 Daily Average Exchange rate of PAK Rupees per Malaysian Ringgit","67.9983029","PKR","Normal","","90","Daily Average Exchange rate of PAK Rupees per Malaysian Ringgit"
"Bank Floating Daily Average Exchange Rates (PKR per National Currency)","06-Aug-2026","TS_GP_ES_FADERPKR_M.XRDAVG0100","10 Daily Average Exchange rate of PAK Rupees per New Zealand Dollar","163.892835","PKR","Normal","","100","Daily Average Exchange rate of PAK Rupees per New Zealand Dollar"
"Bank Floating Daily Average Exchange Rates (PKR per National Currency)","06-Aug-2026","TS_GP_ES_FADERPKR_M.XRDAVG0110","11 Daily Average Exchange rate of PAK Rupees per Norwegian Krone","29.192507","PKR","Normal","","110","Daily Average Exchange rate of PAK Rupees per Norwegian Krone"
"Bank Floating Daily Average Exchange Rates (PKR per National Currency)","06-Aug-2026","TS_GP_ES_FADERPKR_M.XRDAVG0120","12 Daily Average Exchange rate of PAK Rupees per Omani Riyal","720.555775","PKR","Normal","","120","Daily Average Exchange rate of PAK Rupees per Omani Riyal"
"Bank Floating Daily Average Exchange Rates (PKR per National Currency)","06-Aug-2026","TS_GP_ES_FADERPKR_M.XRDAVG0130","13 Daily Average Exchange rate of PAK Rupees per Qatari Riyal","76.14595","PKR","Normal","","130","Daily Average Exchange rate of PAK Rupees per Qatari Riyal"
"Bank Floating Daily Average Exchange Rates (PKR per National Currency)","06-Aug-2026","TS_GP_ES_FADERPKR_M.XRDAVG0140","14 Daily Average Exchange rate of PAK Rupees per Singapore Dollar","216.9822847","PKR","Normal","","140","Daily Average Exchange rate of PAK Rupees per Singapore Dollar"
"Bank Floating Daily Average Exchange Rates (PKR per National Currency)","06-Aug-2026","TS_GP_ES_FADERPKR_M.XRDAVG0150","15 Daily Average Exchange rate of PAK Rupees per Swedish Krona","29.3049867","PKR","Normal","","150","Daily Average Exchange rate of PAK Rupees per Swedish Krona"
"Bank Floating Daily Average Exchange Rates (PKR per National Currency)","06-Aug-2026","TS_GP_ES_FADERPKR_M.XRDAVG0160","16 Daily Average Exchange rate of PAK Rupees per Swiss Franc","344.2425162","PKR","Normal","","160","Daily Average Exchange rate of PAK Rupees per Swiss Franc"
"Bank Floating Daily Average Exchange Rates (PKR per National Currency)","06-Aug-2026","TS_GP_ES_FADERPKR_M.XRDAVG0170","17 Daily Average Exchange rate of PAK Rupees per Saudi Riyal","74.0258372","PKR","Normal","","170","Daily Average Exchange rate of PAK Rupees per Saudi Riyal"
"Bank Floating Daily Average Exchange Rates (PKR per National Currency)","06-Aug-2026","TS_GP_ES_FADERPKR_M.XRDAVG0180","18 Daily Average Exchange rate of PAK Rupees per Thai Baht","8.4189078","PKR","Normal","","180","Daily Average Exchange rate of PAK Rupees per Thai Baht"
"Bank Floating Daily Average Exchange Rates (PKR per National Currency)","06-Aug-2026","TS_GP_ES_FADERPKR_M.XRDAVG0190","19 Daily Average Exchange rate of PAK Rupees per Turkish Lira","5.8610375","PKR","Normal","","190","Daily Average Exchange rate of PAK Rupees per Turkish Lira"
"Bank Floating Daily Average Exchange Rates (PKR per National Currency)","06-Aug-2026","TS_GP_ES_FADERPKR_M.XRDAVG0200","20 Daily Average Exchange rate of PAK Rupees per U.A.E. Dirham","75.6900348","PKR","Normal","","200","Daily Average Exchange rate of PAK Rupees per U.A.E. Dirham"
"Bank Floating Daily Average Exchange Rates (PKR per National Currency)","06-Aug-2026","TS_GP_ES_FADERPKR_M.XRDAVG0210","21 Daily Average Exchange rate of PAK Rupees per U.K. Pound Sterling","374.125618","PKR","Normal","","210","Daily Average Exchange rate of PAK Rupees per U.K. Pound Sterling"
"Bank Floating Daily Average Exchange Rates (PKR per National Currency)","06-Aug-2026","TS_GP_ES_FADERPKR_M.XRDAVG0220","22 Daily Average Exchange rate of PAK Rupees per U.S. Dollar","278.0089286","PKR","Normal","","220","Daily Average Exchange rate of PAK Rupees per U.S. Dollar"
"Bank Floating Daily Average Exchange Rates (PKR per National Currency)","06-Aug-2026","TS_GP_ES_FADERPKR_M.XRDAVG0230","23 Daily Average Exchange rate of PAK Rupees per Euro","320.9631673","PKR","Normal","","230","Daily Average Exchange rate of PAK Rupees per Euro"
"Bank Floating Daily Average Exchange Rates (PKR per National Currency)","05-Aug-2026","TS_GP_ES_FADERPKR_M.XRDAVG0010","1 Daily Average Exchange rate of PAK Rupees per Australian Dollar","195.8976845","PKR","Normal","","10","Daily Average Exchange rate of PAK Rupees per Australian Dollar"
"Bank Floating Daily Average Exchange Rates (PKR per National Currency)","05-Aug-2026","TS_GP_ES_FADERPKR_M.XRDAVG0020","2 Daily Average Exchange rate of PAK Rupees per Bahraini Dinar","736.2506","PKR","Normal","","20","Daily Average Exchange rate of PAK Rupees per Bahraini Dinar"
"Bank Floating Daily Average Exchange Rates (PKR per National Currency)","05-Aug-2026","TS_GP_ES_FADERPKR_M.XRDAVG0030","3 Daily Average Exchange rate of PAK Rupees per Canadian Dollar","197.5286324","PKR","Normal","","30","Daily Average Exchange rate of PAK Rupees per Canadian Dollar"
"Bank Floating Daily Average Exchange Rates (PKR per National Currency)","05-Aug-2026","TS_GP_ES_FADERPKR_M.XRDAVG0040","4 Daily Average Exchange rate of PAK Rupees per Chinese Yuan","41.2064289","PKR","Normal","","40","Daily Average Exchange rate of PAK Rupees per Chinese Yuan"
"Bank Floating Daily Average Exchange Rates (PKR per National Currency)","05-Aug-2026","TS_GP_ES_FADERPKR_M.XRDAVG0050","5 Daily Average Exchange rate of PAK Rupees per Danish Krone","42.9458407","PKR","Normal","","50","Daily Average Exchange rate of PAK Rupees per Danish Krone"
"Bank Floating Daily Average Exchange Rates (PKR per National Currency)","05-Aug-2026","TS_GP_ES_FADERPKR_M.XRDAVG0060","6 Daily Average Exchange rate of PAK Rupees per Hon Kong Dollar","35.4717544","PKR","Normal","","60","Daily Average Exchange rate of PAK Rupees per Hong Kong Dollar"
"Bank Floating Daily Average Exchange Rates (PKR per National Currency)","05-Aug-2026","TS_GP_ES_FADERPKR_M.XRDAVG0070","7 Daily Average Exchange rate of PAK Rupees per Japanese Yen","1.7648206","PKR","Normal","","70","Daily Average Exchange rate of PAK Rupees per Japanese Yen"
"Bank Floating Daily Average Exchange Rates (PKR per National Currency)","05-Aug-2026","TS_GP_ES_FADERPKR_M.XRDAVG0080","8 Daily Average Exchange rate of PAK Rupees per Kuwaiti Dinar","904.0546833","PKR","Normal","","80","Daily Average Exchange rate of PAK Rupees per Kuwaiti Dinar"
"Bank Floating Daily Average Exchange Rates (PKR per National Currency)","05-Aug-2026","TS_GP_ES_FADERPKR_M.XRDAVG0090","9 Daily Average Exchange rate of PAK Rupees per Malaysian Ringgit","67.950227","PKR","Normal","","90","Daily Average Exchange rate of PAK Rupees per Malaysian Ringgit"
"Bank Floating Daily Average Exchange Rates (PKR per National Currency)","05-Aug-2026","TS_GP_ES_FADERPKR_M.XRDAVG0100","10 Daily Average Exchange rate of PAK Rupees per New Zealand Dollar","163.647265","PKR","Normal","","100","Daily Average Exchange rate of PAK Rupees per New Zealand Dollar"
"Bank Floating Daily Average Exchange Rates (PKR per National Currency)","05-Aug-2026","TS_GP_ES_FADERPKR_M.XRDAVG0110","11 Daily Average Exchange rate of PAK Rupees per Norwegian Krone","29.1945001","PKR","Normal","","110","Daily Average Exchange rate of PAK Rupees per Norwegian Krone"
"Bank Floating Daily Average Exchange Rates (PKR per National Currency)","05-Aug-2026","TS_GP_ES_FADERPKR_M.XRDAVG0120","12 Daily Average Exchange rate of PAK Rupees per Omani Riyal","720.620775","PKR","Normal","","120","Daily Average Exchange rate of PAK Rupees per Omani Riyal"
"Bank Floating Daily Average Exchange Rates (PKR per National Currency)","05-Aug-2026","TS_GP_ES_FADERPKR_M.XRDAVG0130","13 Daily Average Exchange rate of PAK Rupees per Qatari Riyal","76.15385","PKR","Normal","","130","Daily Average Exchange rate of PAK Rupees per Qatari Riyal"
"Bank Floating Daily Average Exchange Rates (PKR per National Currency)","05-Aug-2026","TS_GP_ES_FADERPKR_M.XRDAVG0140","14 Daily Average Exchange rate of PAK Rupees per Singapore Dollar","216.9897353","PKR","Normal","","140","Daily Average Exchange rate of PAK Rupees per Singapore Dollar"
"Bank Floating Daily Average Exchange Rates (PKR per National Currency)","05-Aug-2026","TS_GP_ES_FADERPKR_M.XRDAVG0150","15 Daily Average Exchange rate of PAK Rupees per Swedish Krona","29.2476886","PKR","Normal","","150","Daily Average Exchange rate of PAK Rupees per Swedish Krona"
"Bank Floating Daily Average Exchange Rates (PKR per National Currency)","05-Aug-2026","TS_GP_ES_FADERPKR_M.XRDAVG0160","16 Daily Average Exchange rate of PAK Rupees per Swiss Franc","343.928502","PKR","Normal","","160","Daily Average Exchange rate of PAK Rupees per Swiss Franc"
"Bank Floating Daily Average Exchange Rates (PKR per National Currency)","05-Aug-2026","TS_GP_ES_FADERPKR_M.XRDAVG0170","17 Daily Average Exchange rate of PAK Rupees per Saudi Riyal","74.0324655","PKR","Normal","","170","Daily Average Exchange rate of PAK Rupees per Saudi Riyal"
"Bank Floating Daily Average Exchange Rates (PKR per National Currency)","05-Aug-2026","TS_GP_ES_FADERPKR_M.XRDAVG0180","18 Daily Average Exchange rate of PAK Rupees per Thai Baht","8.3902643","PKR","Normal","","180","Daily Average Exchange rate of PAK Rupees per Thai Baht"
"Bank Floating Daily Average Exchange Rates (PKR per National Currency)","05-Aug-2026","TS_GP_ES_FADERPKR_M.XRDAVG0190","19 Daily Average Exchange rate of PAK Rupees per Turkish Lira","5.8655125","PKR","Normal","","190","Daily Average Exchange rate of PAK Rupees per Turkish Lira"
"Bank Floating Daily Average Exchange Rates (PKR per National Currency)","05-Aug-2026","TS_GP_ES_FADERPKR_M.XRDAVG0200","20 Daily Average Exchange rate of PAK Rupees per U.A.E. Dirham","75.6976022","PKR","Normal","","200","Daily Average Exchange rate of PAK Rupees per U.A.E. Dirham"
"Bank Floating Daily Average Exchange Rates (PKR per National Currency)","05-Aug-2026","TS_GP_ES_FADERPKR_M.XRDAVG0210","21 Daily Average Exchange rate of PAK Rupees per U.K. Pound Sterling","374.030106","PKR","Normal","","210","Daily Average Exchange rate of PAK Rupees per U.K. Pound Sterling"
"Bank Floating Daily Average Exchange Rates (PKR per National Currency)","05-Aug-2026","TS_GP_ES_FADERPKR_M.XRDAVG0220","22 Daily Average Exchange rate of PAK Rupees per U.S. Dollar","278.0357143","PKR","Normal","","220","Daily Average Exchange rate of PAK Rupees per U.S. Dollar"
"Bank Floating Daily Average Exchange Rates (PKR per National Currency)","05-Aug-2026","TS_GP_ES_FADERPKR_M.XRDAVG0230","23 Daily Average Exchange rate of PAK Rupees per Euro","320.625051","PKR","Normal","","230","Daily Average Exchange rate of PAK Rupees per Euro"
"Bank Floating Daily Average Exchange Rates (PKR per National Currency)","04-Aug-2026","TS_GP_ES_FADERPKR_M.XRDAVG0010","1 Daily Average Exchange rate of PAK Rupees per Australian Dollar","195.0942869","PKR","Normal","","10","Daily Average Exchange rate of PAK Rupees per Australian Dollar"
"Bank Floating Daily Average Exchange Rates (PKR per National Currency)","04-Aug-2026","TS_GP_ES_FADERPKR_M.XRDAVG0020","2 Daily Average Exchange rate of PAK Rupees per Bahraini Dinar","736.3304833","PKR","Normal","","20","Daily Average Exchange rate of PAK Rupees per Bahraini Dinar"
"Bank Floating Daily Average Exchange Rates (PKR per National Currency)","04-Aug-2026","TS_GP_ES_FADERPKR_M.XRDAVG0030","3 Daily Average Exchange rate of PAK Rupees per Canadian Dollar","197.9039091","PKR","Normal","","30","Daily Average Exchange rate of PAK Rupees per Canadian Dollar"
"Bank Floating Daily Average Exchange Rates (PKR per National Currency)","04-Aug-2026","TS_GP_ES_FADERPKR_M.XRDAVG0040","4 Daily Average Exchange rate of PAK Rupees per Chinese Yuan","41.1769821","PKR","Normal","","40","Daily Average Exchange rate of PAK Rupees per Chinese Yuan"
"Bank Floating Daily Average Exchange Rates (PKR per National Currency)","04-Aug-2026","TS_GP_ES_FADERPKR_M.XRDAVG0050","5 Daily Average Exchange rate of PAK Rupees per Danish Krone","42.8366601","PKR","Normal","","50","Daily Average Exchange rate of PAK Rupees per Danish Krone"
"Bank Floating Daily Average Exchange Rates (PKR per National Currency)","04-Aug-2026","TS_GP_ES_FADERPKR_M.XRDAVG0060","6 Daily Average Exchange rate of PAK Rupees per Hon Kong Dollar","35.4853025","PKR","Normal","","60","Daily Average Exchange rate of PAK Rupees per Hong Kong Dollar"
"Bank Floating Daily Average Exchange Rates (PKR per National Currency)","04-Aug-2026","TS_GP_ES_FADERPKR_M.XRDAVG0070","7 Daily Average Exchange rate of PAK Rupees per Japanese Yen","1.7638245","PKR","Normal","","70","Daily Average Exchange rate of PAK Rupees per Japanese Yen"
"Bank Floating Daily Average Exchange Rates (PKR per National Currency)","04-Aug-2026","TS_GP_ES_FADERPKR_M.XRDAVG0080","8 Daily Average Exchange rate of PAK Rupees per Kuwaiti Dinar","903.3236","PKR","Normal","","80","Daily Average Exchange rate of PAK Rupees per Kuwaiti Dinar"
"Bank Floating Daily Average Exchange Rates (PKR per National Currency)","04-Aug-2026","TS_GP_ES_FADERPKR_M.XRDAVG0090","9 Daily Average Exchange rate of PAK Rupees per Malaysian Ringgit","67.8859572","PKR","Normal","","90","Daily Average Exchange rate of PAK Rupees per Malaysian Ringgit"
"Bank Floating Daily Average Exchange Rates (PKR per National Currency)","04-Aug-2026","TS_GP_ES_FADERPKR_M.XRDAVG0100","10 Daily Average Exchange rate of PAK Rupees per New Zealand Dollar","163.477465","PKR","Normal","","100","Daily Average Exchange rate of PAK Rupees per New Zealand Dollar"
"Bank Floating Daily Average Exchange Rates (PKR per National Currency)","04-Aug-2026","TS_GP_ES_FADERPKR_M.XRDAVG0110","11 Daily Average Exchange rate of PAK Rupees per Norwegian Krone","29.2105028","PKR","Normal","","110","Daily Average Exchange rate of PAK Rupees per Norwegian Krone"
"Bank Floating Daily Average Exchange Rates (PKR per National Currency)","04-Aug-2026","TS_GP_ES_FADERPKR_M.XRDAVG0120","12 Daily Average Exchange rate of PAK Rupees per Omani Riyal","720.6857","PKR","Normal","","120","Daily Average Exchange rate of PAK Rupees per Omani Riyal"
"Bank Floating Daily Average Exchange Rates (PKR per National Currency)","04-Aug-2026","TS_GP_ES_FADERPKR_M.XRDAVG0130","13 Daily Average Exchange rate of PAK Rupees per Qatari Riyal","76.1841833","PKR","Normal","","130","Daily Average Exchange rate of PAK Rupees per Qatari Riyal"
"Bank Floating Daily Average Exchange Rates (PKR per National Currency)","04-Aug-2026","TS_GP_ES_FADERPKR_M.XRDAVG0140","14 Daily Average Exchange rate of PAK Rupees per Singapore Dollar","216.7291952","PKR","Normal","","140","Daily Average Exchange rate of PAK Rupees per Singapore Dollar"
"Bank Floating Daily Average Exchange Rates (PKR per National Currency)","04-Aug-2026","TS_GP_ES_FADERPKR_M.XRDAVG0150","15 Daily Average Exchange rate of PAK Rupees per Swedish Krona","29.0896238","PKR","Normal","","150","Daily Average Exchange rate of PAK Rupees per Swedish Krona"
"Bank Floating Daily Average Exchange Rates (PKR per National Currency)","04-Aug-2026","TS_GP_ES_FADERPKR_M.XRDAVG0160","16 Daily Average Exchange rate of PAK Rupees per Swiss Franc","343.0219958","PKR","Normal","","160","Daily Average Exchange rate of PAK Rupees per Swiss Franc"
"Bank Floating Daily Average Exchange Rates (PKR per National Currency)","04-Aug-2026","TS_GP_ES_FADERPKR_M.XRDAVG0170","17 Daily Average Exchange rate of PAK Rupees per Saudi Riyal","74.0439881","PKR","Normal","","170","Daily Average Exchange rate of PAK Rupees per Saudi Riyal"
"Bank Floating Daily Average Exchange Rates (PKR per National Currency)","04-Aug-2026","TS_GP_ES_FADERPKR_M.XRDAVG0180","18 Daily Average Exchange rate of PAK Rupees per Thai Baht","8.3337607","PKR","Normal","","180","Daily Average Exchange rate of PAK Rupees per Thai Baht"
"Bank Floating Daily Average Exchange Rates (PKR per National Currency)","04-Aug-2026","TS_GP_ES_FADERPKR_M.XRDAVG0190","19 Daily Average Exchange rate of PAK Rupees per Turkish Lira","5.8717625","PKR","Normal","","190","Daily Average Exchange rate of PAK Rupees per Turkish Lira"
"Bank Floating Daily Average Exchange Rates (PKR per National Currency)","04-Aug-2026","TS_GP_ES_FADERPKR_M.XRDAVG0200","20 Daily Average Exchange rate of PAK Rupees per U.A.E. Dirham","75.7087421","PKR","Normal","","200","Daily Average Exchange rate of PAK Rupees per U.A.E. Dirham"
"Bank Floating Daily Average Exchange Rates (PKR per National Currency)","04-Aug-2026","TS_GP_ES_FADERPKR_M.XRDAVG0210","21 Daily Average Exchange rate of PAK Rupees per U.K. Pound Sterling","373.21186","PKR","Normal","","210","Daily Average Exchange rate of PAK Rupees per U.K. Pound Sterling"
"Bank Floating Daily Average Exchange Rates (PKR per National Currency)","04-Aug-2026","TS_GP_ES_FADERPKR_M.XRDAVG0220","22 Daily Average Exchange rate of PAK Rupees per U.S. Dollar","278.0603571","PKR","Normal","","220","Daily Average Exchange rate of PAK Rupees per U.S. Dollar"
"Bank Floating Daily Average Exchange Rates (PKR per National Currency)","04-Aug-2026","TS_GP_ES_FADERPKR_M.XRDAVG0230","23 Daily Average Exchange rate of PAK Rupees per Euro","319.8917913","PKR","Normal","","230","Daily Average Exchange rate of PAK Rupees per Euro"
"Bank Floating Daily Average Exchange Rates (PKR per National Currency)","03-Aug-2026","TS_GP_ES_FADERPKR_M.XRDAVG0010","1 Daily Average Exchange rate of PAK Rupees per Australian Dollar","195.3503229","PKR","Normal","","10","Daily Average Exchange rate of PAK Rupees per Australian Dollar"
"Bank Floating Daily Average Exchange Rates (PKR per National Currency)","03-Aug-2026","TS_GP_ES_FADERPKR_M.XRDAVG0020","2 Daily Average Exchange rate of PAK Rupees per Bahraini Dinar","736.3748167","PKR","Normal","","20","Daily Average Exchange rate of PAK Rupees per Bahraini Dinar"
"Bank Floating Daily Average Exchange Rates (PKR per National Currency)","03-Aug-2026","TS_GP_ES_FADERPKR_M.XRDAVG0030","3 Daily Average Exchange rate of PAK Rupees per Canadian Dollar","198.0913679","PKR","Normal","","30","Daily Average Exchange rate of PAK Rupees per Canadian Dollar"
"Bank Floating Daily Average Exchange Rates (PKR per National Currency)","03-Aug-2026","TS_GP_ES_FADERPKR_M.XRDAVG0040","4 Daily Average Exchange rate of PAK Rupees per Chinese Yuan","41.194643","PKR","Normal","","40","Daily Average Exchange rate of PAK Rupees per Chinese Yuan"
"Bank Floating Daily Average Exchange Rates (PKR per National Currency)","03-Aug-2026","TS_GP_ES_FADERPKR_M.XRDAVG0050","5 Daily Average Exchange rate of PAK Rupees per Danish Krone","42.9297407","PKR","Normal","","50","Daily Average Exchange rate of PAK Rupees per Danish Krone"
"Bank Floating Daily Average Exchange Rates (PKR per National Currency)","03-Aug-2026","TS_GP_ES_FADERPKR_M.XRDAVG0060","6 Daily Average Exchange rate of PAK Rupees per Hon Kong Dollar","35.4800506","PKR","Normal","","60","Daily Average Exchange rate of PAK Rupees per Hong Kong Dollar"
"Bank Floating Daily Average Exchange Rates (PKR per National Currency)","03-Aug-2026","TS_GP_ES_FADERPKR_M.XRDAVG0070","7 Daily Average Exchange rate of PAK Rupees per Japanese Yen","1.7747886","PKR","Normal","","70","Daily Average Exchange rate of PAK Rupees per Japanese Yen"
"Bank Floating Daily Average Exchange Rates (PKR per National Currency)","03-Aug-2026","TS_GP_ES_FADERPKR_M.XRDAVG0080","8 Daily Average Exchange rate of PAK Rupees per Kuwaiti Dinar","902.3435","PKR","Normal","","80","Daily Average Exchange rate of PAK Rupees per Kuwaiti Dinar"
"Bank Floating Daily Average Exchange Rates (PKR per National Currency)","03-Aug-2026","TS_GP_ES_FADERPKR_M.XRDAVG0090","9 Daily Average Exchange rate of PAK Rupees per Malaysian Ringgit","67.927209","PKR","Normal","","90","Daily Average Exchange rate of PAK Rupees per Malaysian Ringgit"
"Bank Floating Daily Average Exchange Rates (PKR per National Currency)","03-Aug-2026","TS_GP_ES_FADERPKR_M.XRDAVG0100","10 Daily Average Exchange rate of PAK Rupees per New Zealand Dollar","163.9255155","PKR","Normal","","100","Daily Average Exchange rate of PAK Rupees per New Zealand Dollar"
"Bank Floating Daily Average Exchange Rates (PKR per National Currency)","03-Aug-2026","TS_GP_ES_FADERPKR_M.XRDAVG0110","11 Daily Average Exchange rate of PAK Rupees per Norwegian Krone","29.3109743","PKR","Normal","","110","Daily Average Exchange rate of PAK Rupees per Norwegian Krone"
"Bank Floating Daily Average Exchange Rates (PKR per National Currency)","03-Aug-2026","TS_GP_ES_FADERPKR_M.XRDAVG0120","12 Daily Average Exchange rate of PAK Rupees per Omani Riyal","720.6857","PKR","Normal","","120","Daily Average Exchange rate of PAK Rupees per Omani Riyal"
"Bank Floating Daily Average Exchange Rates (PKR per National Currency)","03-Aug-2026","TS_GP_ES_FADERPKR_M.XRDAVG0130","13 Daily Average Exchange rate of PAK Rupees per Qatari Riyal","76.1566833","PKR","Normal","","130","Daily Average Exchange rate of PAK Rupees per Qatari Riyal"
"Bank Floating Daily Average Exchange Rates (PKR per National Currency)","03-Aug-2026","TS_GP_ES_FADERPKR_M.XRDAVG0140","14 Daily Average Exchange rate of PAK Rupees per Singapore Dollar","216.8967548","PKR","Normal","","140","Daily Average Exchange rate of PAK Rupees per Singapore Dollar"
"Bank Floating Daily Average Exchange Rates (PKR per National Currency)","03-Aug-2026","TS_GP_ES_FADERPKR_M.XRDAVG0150","15 Daily Average Exchange rate of PAK Rupees per Swedish Krona","29.2376588","PKR","Normal","","150","Daily Average Exchange rate of PAK Rupees per Swedish Krona"
"Bank Floating Daily Average Exchange Rates (PKR per National Currency)","03-Aug-2026","TS_GP_ES_FADERPKR_M.XRDAVG0160","16 Daily Average Exchange rate of PAK Rupees per Swiss Franc","343.6917238","PKR","Normal","","160","Daily Average Exchange rate of PAK Rupees per Swiss Franc"
"Bank Floating Daily Average Exchange Rates (PKR per National Currency)","03-Aug-2026","TS_GP_ES_FADERPKR_M.XRDAVG0170","17 Daily Average Exchange rate of PAK Rupees per Saudi Riyal","74.0532497","PKR","Normal","","170","Daily Average Exchange rate of PAK Rupees per Saudi Riyal"
"Bank Floating Daily Average Exchange Rates (PKR per National Currency)","03-Aug-2026","TS_GP_ES_FADERPKR_M.XRDAVG0180","18 Daily Average Exchange rate of PAK Rupees per Thai Baht","8.3496167","PKR","Normal","","180","Daily Average Exchange rate of PAK Rupees per Thai Baht"
"Bank Floating Daily Average Exchange Rates (PKR per National Currency)","03-Aug-2026","TS_GP_ES_FADERPKR_M.XRDAVG0190","19 Daily Average Exchange rate of PAK Rupees per Turkish Lira","5.8686125","PKR","Normal","","190","Daily Average Exchange rate of PAK Rupees per Turkish Lira"
"Bank Floating Daily Average Exchange Rates (PKR per National Currency)","03-Aug-2026","TS_GP_ES_FADERPKR_M.XRDAVG0200","20 Daily Average Exchange rate of PAK Rupees per U.A.E. Dirham","75.7126061","PKR","Normal","","200","Daily Average Exchange rate of PAK Rupees per U.A.E. Dirham"
"Bank Floating Daily Average Exchange Rates (PKR per National Currency)","03-Aug-2026","TS_GP_ES_FADERPKR_M.XRDAVG0210","21 Daily Average Exchange rate of PAK Rupees per U.K. Pound Sterling","374.4241972","PKR","Normal","","210","Daily Average Exchange rate of PAK Rupees per U.K. Pound Sterling"
"Bank Floating Daily Average Exchange Rates (PKR per National Currency)","03-Aug-2026","TS_GP_ES_FADERPKR_M.XRDAVG0220","22 Daily Average Exchange rate of PAK Rupees per U.S. Dollar","278.0839286","PKR","Normal","","220","Daily Average Exchange rate of PAK Rupees per U.S. Dollar"
"Bank Floating Daily Average Exchange Rates (PKR per National Currency)","03-Aug-2026","TS_GP_ES_FADERPKR_M.XRDAVG0230","23 Daily Average Exchange rate of PAK Rupees per Euro","320.5492921","PKR","Normal","","230","Daily Average Exchange rate of PAK Rupees per Euro"
